,City,State,Major,Salary,CityState,lats,lons,County
0,Indianapolis,IN,CHE,58000,"('Indianapolis', 'IN')",39.768403,-86.158068,Marion
1,Indianapolis,IN,EE,58000,"('Indianapolis', 'IN')",39.768403,-86.158068,Marion
2,Clinton,IA,CHE,63000,"('Clinton', 'IA')",41.8444735,-90.1887379,Clinton
3,Decatur,IL,CHE,63100,"('Decatur', 'IL')",39.8403147,-88.9548001,Macon
4,Clinton,IA,CHE,63000,"('Clinton', 'IA')",41.8444735,-90.1887379,Clinton
5,Lincoln,NB,EE,61000,"('Lincoln', 'NB')",45.905402,-66.579492,York
6,Decatur,IL,EE,62500,"('Decatur', 'IL')",39.8403147,-88.9548001,Macon
7,Addision,TX,CE,45000,"('Addision', 'TX')",32.96179,-96.82916850000001,Dallas
8,Dallas,TX,CE,45000,"('Dallas', 'TX')",32.7801399,-96.80045109999999,Dallas
9,Merrillville,IN,ME,54000,"('Merrillville', 'IN')",41.4828144,-87.33281389999999,Lake
10,Evansville,IN,EE,60800,"('Evansville', 'IN')",37.9715592,-87.5710898,Vanderburgh
11,Dover,NJ,ME,60000,"('Dover', 'NJ')",40.883988,-74.5621025,Morris
12,Dover,NJ,ME,60500,"('Dover', 'NJ')",40.883988,-74.5621025,Morris
13,Indianapolis,IN,CPE,55000,"('Indianapolis', 'IN')",39.768403,-86.158068,Marion
14,Indianapolis,IN,CS,63000,"('Indianapolis', 'IN')",39.768403,-86.158068,Marion
15,Indianapolis,IN,SE,50000,"('Indianapolis', 'IN')",39.768403,-86.158068,Marion
16,Indianapolis,IN,SE,60000,"('Indianapolis', 'IN')",39.768403,-86.158068,Marion
17,Indianapolis,IN,ME,64000,"('Indianapolis', 'IN')",39.768403,-86.158068,Marion
18,Indianapolis,IN,ME,64008,"('Indianapolis', 'IN')",39.768403,-86.158068,Marion
19,Indianapolis,IN,EE,65000,"('Indianapolis', 'IN')",39.768403,-86.158068,Marion
20,Chicago,IL,CS,52300,"('Chicago', 'IL')",41.8781136,-87.6297982,Cook
21,Chicago,IL,CS,55000,"('Chicago', 'IL')",41.8781136,-87.6297982,Cook
22,Chicago,IL,CS,60000,"('Chicago', 'IL')",41.8781136,-87.6297982,Cook
23,Seattle,WA,CS,90000,"('Seattle', 'WA')",47.6062095,-122.3320708,King
24,Seattle,WA,CS,90000,"('Seattle', 'WA')",47.6062095,-122.3320708,King
25,Seattle,WA,CS,90000,"('Seattle', 'WA')",47.6062095,-122.3320708,King
26,Seattle,WA,CS,90000,"('Seattle', 'WA')",47.6062095,-122.3320708,King
27,Seattle,WA,CS,90000,"('Seattle', 'WA')",47.6062095,-122.3320708,King
28,Seattle,WA,CS,90000,"('Seattle', 'WA')",47.6062095,-122.3320708,King
29,Seattle,WA,CE,52500,"('Seattle', 'WA')",47.6062095,-122.3320708,King
30,Indianapolis,IN,SE,70000,"('Indianapolis', 'IN')",39.768403,-86.158068,Marion
31,Houston,TX,ME,100000,"('Houston', 'TX')",29.7601927,-95.36938959999999,Harris
32,Indianapolis,IN,CPE,48000,"('Indianapolis', 'IN')",39.768403,-86.158068,Marion
33,Indianapolis,IN,BE CS,55000,"('Indianapolis', 'IN')",39.768403,-86.158068,Marion
34,Indianapolis,IN,CPE,59000,"('Indianapolis', 'IN')",39.768403,-86.158068,Marion
35,Burns Harbor,IN,CE,56200,"('Burns Harbor', 'IN')",41.6258708,-87.1333676,Porter
36,Burns Harbor,IN,ME,63900,"('Burns Harbor', 'IN')",41.6258708,-87.1333676,Porter
37,Burns Harbor,IN,CPE,61900,"('Burns Harbor', 'IN')",41.6258708,-87.1333676,Porter
38,Conshohoken,PA,EE,64900,"('Conshohoken', 'PA')",40.0792766,-75.3015714,Montgomery
39,Burns Harbor,IL,CHE,63900,"('Burns Harbor', 'IL')",41.6258708,-87.1333676,Porter
40,Austin,TX,CS,70000,"('Austin', 'TX')",30.267153,-97.7430608,Travis
41,Denver,CO,CE,65500,"('Denver', 'CO')",39.737567,-104.9847179,Denver
42,Crown Point,IN,ME,56000,"('Crown Point', 'IN')",41.4169806,-87.3653135,Lake
43,Greenfield,IN,ME,58000,"('Greenfield', 'IN')",39.785043,-85.7694226,Hancock
44,St. Louis,MO,ME,55000,"('St. Louis', 'MO')",38.6270025,-90.19940419999999,St Louis
45,St. Louis,MO,ME,58000,"('St. Louis', 'MO')",38.6270025,-90.19940419999999,St Louis
46,Indianapolis,IN,CS,63000,"('Indianapolis', 'IN')",39.768403,-86.158068,Marion
47,Spartanburg,SC,ME,60000,"('Spartanburg', 'SC')",34.9495672,-81.9320482,Spartanburg
48,Annapolis Junction,MD,SE,73000,"('Annapolis Junction', 'MD')",39.130937,-76.7933133,Anne Arundel
49,Annapolis Junction,MD,CS,72000,"('Annapolis Junction', 'MD')",39.130937,-76.7933133,Anne Arundel
50,Annapolis Junction,MD,EE,72000,"('Annapolis Junction', 'MD')",39.130937,-76.7933133,Anne Arundel
51,Annapolis,MD,CPE,68000,"('Annapolis', 'MD')",38.9784453,-76.4921829,Anne Arundel
52,Milwaukee,WI,CHE CHEM,63000,"('Milwaukee', 'WI')",43.0389025,-87.9064736,Milwaukee
53,Spencer,IN,BE,57500,"('Spencer', 'IN')",39.2867117,-86.7625058,Owen
54,Houston,TX,ME,82000,"('Houston', 'TX')",29.7601927,-95.36938959999999,Harris
55,Austin,TX,CS,80000,"('Austin', 'TX')",30.267153,-97.7430608,Travis
56,Mount Vernon,IN,CHEM,33250,"('Mount Vernon', 'IN')",37.9322662,-87.8950267,Posey
57,West Lafayette,IN,ME,45760,"('West Lafayette', 'IN')",40.4258686,-86.90806549999999,Tippecanoe
58,Louisville,KY,CHE,63480,"('Louisville', 'KY')",38.2526647,-85.7584557,Jefferson
59,Houston,TX,EE,61200,"('Houston', 'TX')",29.7601927,-95.36938959999999,Harris
60,Houston,TX,ME,67500,"('Houston', 'TX')",29.7601927,-95.36938959999999,Harris
61,Peoria,IL,ME,65172,"('Peoria', 'IL')",40.6936488,-89.5889864,Peoria
62,Peoria,IL,ME EE,65700,"('Peoria', 'IL')",40.6936488,-89.5889864,Peoria
63,Peoria,IL,EE,65700,"('Peoria', 'IL')",40.6936488,-89.5889864,Peoria
64,Peoria,IL,PHY,64000,"('Peoria', 'IL')",40.6936488,-89.5889864,Peoria
65,Bellingham,WA,CHE,62500,"('Bellingham', 'WA')",48.7595529,-122.4882249,Whatcom
66,Auburn Hills,MI,ME,57200,"('Auburn Hills', 'MI')",42.6875323,-83.2341028,Oakland
67,Trenton,MI,ME,63913,"('Trenton', 'MI')",42.1394858,-83.1782587,Wayne
68,Auburn Hills,MI,ME,63100,"('Auburn Hills', 'MI')",42.6875323,-83.2341028,Oakland
69,Columbus,OH,CE,44000,"('Columbus', 'OH')",39.9611755,-82.99879419999999,Franklin
70,Louisville,KY,CHE,63000,"('Louisville', 'KY')",38.2526647,-85.7584557,Jefferson
71,Bloomington,IN,BE CS,54000,"('Bloomington', 'IN')",39.165325,-86.52638569999999,Monroe
72,Bloomington,IN,BE,56000,"('Bloomington', 'IN')",39.165325,-86.52638569999999,Monroe
73,Indianapolis,IN,EE,60000,"('Indianapolis', 'IN')",39.768403,-86.158068,Marion
74,Indianapolis,IN,CHE,64200,"('Indianapolis', 'IN')",39.768403,-86.158068,Marion
75,Indianapolis,IN,ME,63500,"('Indianapolis', 'IN')",39.768403,-86.158068,Marion
76,Indianapolis,IN,ME,60000,"('Indianapolis', 'IN')",39.768403,-86.158068,Marion
77,Indianapolis,IN,ME,60000,"('Indianapolis', 'IN')",39.768403,-86.158068,Marion
78,Seymour,IN,ME,61000,"('Seymour', 'IN')",38.9592201,-85.8902547,Jackson
79,Seymour,IN,ME,61000,"('Seymour', 'IN')",38.9592201,-85.8902547,Jackson
80,Carmel,IN,CPE,48000,"('Carmel', 'IN')",39.978371,-86.1180435,Hamilton
81,Westfield,IN,CPE,53000,"('Westfield', 'IN')",40.0428151,-86.1274888,Hamilton
82,Decatur,IL,CHE,63000,"('Decatur', 'IL')",39.8403147,-88.9548001,Macon
83,Tyler,TX,ME,75000,"('Tyler', 'TX')",32.3512601,-95.30106239999999,Smith
84,Tyler,TX,CHE,80000,"('Tyler', 'TX')",32.3512601,-95.30106239999999,Smith
85,Kokomo,IN,ME,65100,"('Kokomo', 'IN')",40.486427,-86.13360329999999,Howard
86,Kokomo,IN,CPE,67500,"('Kokomo', 'IN')",40.486427,-86.13360329999999,Howard
87,Kokomo,IN,ME EE,66100,"('Kokomo', 'IN')",40.486427,-86.13360329999999,Howard
88,Auburn Hills,MI,SE,65100,"('Auburn Hills', 'MI')",42.6875323,-83.2341028,Oakland
89,Tucson,AZ,OE,63000,"('Tucson', 'AZ')",32.2217429,-110.926479,Pima
90,Chicago,IL,ME,72000,"('Chicago', 'IL')",41.8781136,-87.6297982,Cook
91,Paris,IL,ME,45000,"('Paris', 'IL')",39.611146,-87.6961374,Edgar
92,Deer Park,TX,CHE,68904,"('Deer Park', 'TX')",29.7052284,-95.1238204,Harris
93,Freeport,TX,CHE,68904,"('Freeport', 'TX')",28.9541368,-95.35966169999999,Brazoria
94,Freeport,TX,CHE,67560,"('Freeport', 'TX')",28.9541368,-95.35966169999999,Brazoria
95,El Paso,TX,ME,66500,"('El Paso', 'TX')",31.7699559,-106.4968055,El Paso
96,Terre Haute,IN,CHE,75000,"('Terre Haute', 'IN')",39.4667034,-87.41390919999999,Vigo
97,Terre Haute,IN,CHE,74000,"('Terre Haute', 'IN')",39.4667034,-87.41390919999999,Vigo
98,Michigan City,IN,BE,60000,"('Michigan City', 'IN')",41.70753939999999,-86.8950297,Laporte
99,Indianapolis,IN,SE,72000,"('Indianapolis', 'IN')",39.768403,-86.158068,Marion
100,Clinton,IN,CHE BE,68000,"('Clinton', 'IN')",39.6569817,-87.3980741,Vermillion
101,Indianapolis,IN,SE,65000,"('Indianapolis', 'IN')",39.768403,-86.158068,Marion
102,Indianapolis,IN,ME,63000,"('Indianapolis', 'IN')",39.768403,-86.158068,Marion
103,Indianapolis,IN,CHE,68000,"('Indianapolis', 'IN')",39.768403,-86.158068,Marion
104,Indianapolis,IN,SE,63000,"('Indianapolis', 'IN')",39.768403,-86.158068,Marion
105,Indianapolis,IN,ME,63000,"('Indianapolis', 'IN')",39.768403,-86.158068,Marion
106,Indianapolis,IN,ME,63000,"('Indianapolis', 'IN')",39.768403,-86.158068,Marion
107,Petaluma,CA,CS,81000,"('Petaluma', 'CA')",38.232417,-122.6366524,Sonoma
108,Redmond,WA,SE,82000,"('Redmond', 'WA')",47.6739881,-122.121512,King
109,Madison,WI,BE,62000,"('Madison', 'WI')",43.0730517,-89.4012302,Dane
110,Madison,WI,CS,70000,"('Madison', 'WI')",43.0730517,-89.4012302,Dane
111,Madison,WI,SE,90000,"('Madison', 'WI')",43.0730517,-89.4012302,Dane
112,Madison,WI,BE,62000,"('Madison', 'WI')",43.0730517,-89.4012302,Dane
113,Madison,WI,BE,61000,"('Madison', 'WI')",43.0730517,-89.4012302,Dane
114,Gainesville,FL,BE,62000,"('Gainesville', 'FL')",29.6516344,-82.32482619999999,Alachua
115,Bellevue,WA,CS,85000,"('Bellevue', 'WA')",47.610377,-122.2006786,King
116,Baytown,TX,CHE,100300,"('Baytown', 'TX')",29.7355047,-94.97742740000001,Harris
117,Baton Rouge,LA,CHE,98000,"('Baton Rouge', 'LA')",30.4582829,-91.1403196,East Baton Rouge
118,Houston,TX,ME,94000,"('Houston', 'TX')",29.7601927,-95.36938959999999,Harris
119,Indianapolis,IN,CIVIL,45780,"('Indianapolis', 'IN')",39.768403,-86.158068,Marion
120,Southfield,MI,ME,65000,"('Southfield', 'MI')",42.4733688,-83.2218731,Oakland
121,Fishers,IN,EE,61000,"('Fishers', 'IN')",39.9567548,-86.01335,Hamilton
122,Dearborn,MI,ME,63780,"('Dearborn', 'MI')",42.3222599,-83.17631449999999,Wayne
123,Dearborn,MI,ME,63780,"('Dearborn', 'MI')",42.3222599,-83.17631449999999,Wayne
124,Dearborn,MI,ME,65500,"('Dearborn', 'MI')",42.3222599,-83.17631449999999,Wayne
125,Dearborn,MI,EE,63780,"('Dearborn', 'MI')",42.3222599,-83.17631449999999,Wayne
126,Dearborn,MI,ME,63800,"('Dearborn', 'MI')",42.3222599,-83.17631449999999,Wayne
127,Indianapolis,IN,EE,63000,"('Indianapolis', 'IN')",39.768403,-86.158068,Marion
128,Bakersfield,CA,CE,67000,"('Bakersfield', 'CA')",35.3732921,-119.0187125,Kern
129,Bakersfield,CA,BE,67000,"('Bakersfield', 'CA')",35.3732921,-119.0187125,Kern
130,Frankfort,IN,CHE,60000,"('Frankfort', 'IN')",40.2794809,-86.5108355,Clinton
131,Frankfort,IN,ME,60000,"('Frankfort', 'IN')",40.2794809,-86.5108355,Clinton
132,Bakersfield,CA,CE,67000,"('Bakersfield', 'CA')",35.3732921,-119.0187125,Kern
133,Westmont,IL,ME,70000,"('Westmont', 'IL')",41.7958639,-87.9756175,Dupage
134,Chicago,IN,ME,70000,"('Chicago', 'IN')",41.8781136,-87.6297982,Cook
135,Olathe,KS,CS,67000,"('Olathe', 'KS')",38.8813958,-94.81912849999999,Johnson
136,Olathe,KS,EE,67500,"('Olathe', 'KS')",38.8813958,-94.81912849999999,Johnson
137,Louisville,KY,ME,65000,"('Louisville', 'KY')",38.2526647,-85.7584557,Jefferson
138,Greenville,SC,ME,64500,"('Greenville', 'SC')",34.85261759999999,-82.3940104,Greenville
139,Charlotte,NC,EE,68000,"('Charlotte', 'NC')",35.2270869,-80.8431267,Mecklenburg
140,Louisville,KY,ME EE,67100,"('Louisville', 'KY')",38.2526647,-85.7584557,Jefferson
141,Indianapolis,IN,BE,48000,"('Indianapolis', 'IN')",39.768403,-86.158068,Marion
142,Warren,MI,OE,63000,"('Warren', 'MI')",42.49299999999999,-83.02819699999999,Macomb
143,Zeeland,MI,CHE,44000,"('Zeeland', 'MI')",42.8125246,-86.01865099999999,Ottawa
144,Seattle,WA,CS,103000,"('Seattle', 'WA')",47.6062095,-122.3320708,King
145,Brazil,IN,ME,52000,"('Brazil', 'IN')",39.523652,-87.1250154,Clay
146,Brazil,IN,ME,52000,"('Brazil', 'IN')",39.523652,-87.1250154,Clay
147,Chicago,IL,CS,105000,"('Chicago', 'IL')",41.8781136,-87.6297982,Cook
148,Raleigh,NC,EE,62400,"('Raleigh', 'NC')",35.7795897,-78.6381787,Wake
149,Raleigh,NC,EE,62400,"('Raleigh', 'NC')",35.7795897,-78.6381787,Wake
150,Greensburg,IN,ME,54486,"('Greensburg', 'IN')",39.3372722,-85.483581,Decatur
151,Greensburg,IN,ME,54486,"('Greensburg', 'IN')",39.3372722,-85.483581,Decatur
152,Rocky Mt.,NC,CHE,60000,"('Rocky Mt.', 'NC')",35.9382103,-77.7905339,Edgecombe
153,Rocky Mt.,NC,CHE,60000,"('Rocky Mt.', 'NC')",35.9382103,-77.7905339,Edgecombe
154,Sullivan,IL,ME,58000,"('Sullivan', 'IL')",39.599479,-88.6078392,Moultrie
155,Chino,CA,ME,66000,"('Chino', 'CA')",34.0122346,-117.688944,San Bernardino
156,Indianapolis,IN,CPE,69000,"('Indianapolis', 'IN')",39.768403,-86.158068,Marion
157,Indianapolis,IN,CPE,70000,"('Indianapolis', 'IN')",39.768403,-86.158068,Marion
158,Indianapolis,IN,BE,60000,"('Indianapolis', 'IN')",39.768403,-86.158068,Marion
159,Indianapolis,IN,SE,60000,"('Indianapolis', 'IN')",39.768403,-86.158068,Marion
160,Charlotte,NC,ME,35000,"('Charlotte', 'NC')",35.2270869,-80.8431267,Mecklenburg
161,Indianapolis,IN,ME,60000,"('Indianapolis', 'IN')",39.768403,-86.158068,Marion
162,Indianapolis,IN,CHE,64000,"('Indianapolis', 'IN')",39.768403,-86.158068,Marion
163,Indianapolis,IN,ME,60000,"('Indianapolis', 'IN')",39.768403,-86.158068,Marion
164,Portland,OR,EE,67000,"('Portland', 'OR')",45.5234515,-122.6762071,Multnomah
165,Indianapolis,IN,SE,62500,"('Indianapolis', 'IN')",39.768403,-86.158068,Marion
166,Indianapolis,IN,CS,75000,"('Indianapolis', 'IN')",39.768403,-86.158068,Marion
167,Texarkana,TX,ME,67000,"('Texarkana', 'TX')",33.425125,-94.04768820000001,Bowie
168,Texarkana,TX,CHE,67000,"('Texarkana', 'TX')",33.425125,-94.04768820000001,Bowie
169,Courtland,AL,CHE,67000,"('Courtland', 'AL')",34.6689794,-87.3094649,Lawrence
170,Shreveport,LA,CHE,65000,"('Shreveport', 'LA')",32.5251516,-93.7501789,Caddo
171,San Mateo,CA,CS,115000,"('San Mateo', 'CA')",37.5629917,-122.3255254,San Mateo
172,Chicago,IL,CE,48000,"('Chicago', 'IL')",41.8781136,-87.6297982,Cook
173,Lexington,KY,CPE,68000,"('Lexington', 'KY')",38.0405837,-84.5037164,Fayette
174,Vernon Hills,IL,CE,47500,"('Vernon Hills', 'IL')",42.23933230000001,-87.9653565,Lake
175,Robinson,IL,CHE,83000,"('Robinson', 'IL')",39.0053201,-87.7391935,Crawford
176,Canton,OH,CHE,83000,"('Canton', 'OH')",40.79894729999999,-81.378447,Stark
177,Robinson,IL,CHE,83000,"('Robinson', 'IL')",39.0053201,-87.7391935,Crawford
178,Houston,TX,EE,78000,"('Houston', 'TX')",29.7601927,-95.36938959999999,Harris
179,Colorado Springs,CO,EE,67000,"('Colorado Springs', 'CO')",38.8338816,-104.8213634,El Paso
180,Cincinnati,OH,CE,50500,"('Cincinnati', 'OH')",39.1031182,-84.5120196,Hamilton
181,Redmond,WA,SE,102000,"('Redmond', 'WA')",47.6739881,-122.121512,King
182,Mountain View,CA,SE,107000,"('Mountain View', 'CA')",37.3860517,-122.0838511,Santa Clara
183,Terre Haute,IN,CHEM,42000,"('Terre Haute', 'IN')",39.4667034,-87.41390919999999,Vigo
184,Boston,MA,OE,67000,"('Boston', 'MA')",42.3584308,-71.0597732,Suffolk
185,Columbus,OH,CE,48500,"('Columbus', 'OH')",39.9611755,-82.99879419999999,Franklin
186,Columbus,OH,CE,52000,"('Columbus', 'OH')",39.9611755,-82.99879419999999,Franklin
187,Houston,TX,CHE,60000,"('Houston', 'TX')",29.7601927,-95.36938959999999,Harris
188,Marshall Space Flight Center,AL,CS,45192,"('Marshall Space Flight Center', 'AL')",34.6465571,-86.67574549999999,Madison
189,Austin,TX,CS,62000,"('Austin', 'TX')",30.267153,-97.7430608,Travis
190,Austin,TX,EE,61000,"('Austin', 'TX')",30.267153,-97.7430608,Travis
191,Austin,TX,ME,60000,"('Austin', 'TX')",30.267153,-97.7430608,Travis
192,Austin,TX,BE,60000,"('Austin', 'TX')",30.267153,-97.7430608,Travis
193,Austin,TX,CPE,60000,"('Austin', 'TX')",30.267153,-97.7430608,Travis
194,Austing,TX,EE,61000,"('Austing', 'TX')",30.267153,-97.7430608,Travis
195,Austin,TX,CPE,60000,"('Austin', 'TX')",30.267153,-97.7430608,Travis
196,Austin,TX,CPE,62000,"('Austin', 'TX')",30.267153,-97.7430608,Travis
197,Austin,TX,BE,60000,"('Austin', 'TX')",30.267153,-97.7430608,Travis
198,Fort Meade,MD,CS,71000,"('Fort Meade', 'MD')",39.1137602,-76.7267773,Anne Arundel
199,Crane,IN,ME,58500,"('Crane', 'IN')",38.8911588,-86.90389379999999,Martin
200,Crane,IN,ME,58500,"('Crane', 'IN')",38.8911588,-86.90389379999999,Martin
201,Mooresville,IN,CE,50000,"('Mooresville', 'IN')",39.6128243,-86.37415999999999,Morgan
202,Cincinnati,OH,CPE,64000,"('Cincinnati', 'OH')",39.1031182,-84.5120196,Hamilton
203,Baltimore,MD,CS,62000,"('Baltimore', 'MD')",39.2903848,-76.6121893,US
204,Fort Meade,MD,PHY,56426,"('Fort Meade', 'MD')",39.1137602,-76.7267773,Anne Arundel
205,Crawfordsville,IN,EE,60049,"('Crawfordsville', 'IN')",40.0411536,-86.87445160000001,Montgomery
206,Troy,MI,OE,65000,"('Troy', 'MI')",42.6055893,-83.1499304,Oakland
207,Fishers,IN,CS,68000,"('Fishers', 'IN')",39.9567548,-86.01335,Hamilton
208,Indianapolis,IN,CHE,56500,"('Indianapolis', 'IN')",39.768403,-86.158068,Marion
209,Bloomington,IN,BE,50000,"('Bloomington', 'IN')",39.165325,-86.52638569999999,Monroe
210,Goodlettsville,TN,CE,47840,"('Goodlettsville', 'TN')",36.3231066,-86.7133302,Davidson
211,St. Louis,MO,CHE,85200,"('St. Louis', 'MO')",38.6270025,-90.19940419999999,St Louis
212,Monticello,IN,ME,45000,"('Monticello', 'IN')",40.7453169,-86.7647343,White
213,Greensboro,NC,EE,70000,"('Greensboro', 'NC')",36.0726354,-79.7919754,Guilford
214,Colorado Springs,CO,SE,56000,"('Colorado Springs', 'CO')",38.8338816,-104.8213634,El Paso
215,Cleveland,OH,SE,56000,"('Cleveland', 'OH')",41.4994954,-81.6954088,Cuyahoga
216,Jupiter,FL,ME,68000,"('Jupiter', 'FL')",26.9342246,-80.0942087,Palm Beach
217,Indianapolis,IN,BE,45000,"('Indianapolis', 'IN')",39.768403,-86.158068,Marion
218,Marion,IN,ME,60000,"('Marion', 'IN')",40.5583739,-85.6591442,Grant
219,San Diego,CA,EE,85000,"('San Diego', 'CA')",32.7153292,-117.1572551,San Diego
220,Tucson,AZ,ME,65800,"('Tucson', 'AZ')",32.2217429,-110.926479,Pima
221,Fort Wayne,IN,EE,69451,"('Fort Wayne', 'IN')",41.079273,-85.1393513,Allen
222,Columbia,MD,BE,74000,"('Columbia', 'MD')",39.2037144,-76.86104619999999,Howard
223,Baltimore,MD,PHY,67584,"('Baltimore', 'MD')",39.2903848,-76.6121893,US
224,Columbia,MD,CPE,67500,"('Columbia', 'MD')",39.2037144,-76.86104619999999,Howard
225,Tucson,AZ,EE,67000,"('Tucson', 'AZ')",32.2217429,-110.926479,Pima
226,New York City,NY,EE,57000,"('New York City', 'NY')",40.7143528,-74.00597309999999,US
227,Indianapolis,IN,BE,58000,"('Indianapolis', 'IN')",39.768403,-86.158068,Marion
228,Cedar Rapids,IA,EE,63000,"('Cedar Rapids', 'IA')",41.9778795,-91.6656232,Linn
229,Indianapolis,IN,ME,64000,"('Indianapolis', 'IN')",39.768403,-86.158068,Marion
230,Indianapolis,IN,ME,66000,"('Indianapolis', 'IN')",39.768403,-86.158068,Marion
231,Indianapolis,IN,ME,64600,"('Indianapolis', 'IN')",39.768403,-86.158068,Marion
232,Indianapolis,IN,ME,64500,"('Indianapolis', 'IN')",39.768403,-86.158068,Marion
233,Indianapolis,IN,ME,64600,"('Indianapolis', 'IN')",39.768403,-86.158068,Marion
234,St. Charles,IL,ME,56500,"('St. Charles', 'IL')",41.9141945,-88.3086867,Kane
235,Anderson,IN,EE,60000,"('Anderson', 'IN')",40.1053196,-85.6802541,Madison
236,Owensboro,KY,ME,62000,"('Owensboro', 'KY')",37.7719074,-87.1111676,Daviess
237,Albuquerque,NM,EE,72800,"('Albuquerque', 'NM')",35.110703,-106.609991,Bernalillo
238,Prudhoe Bay,AK,CHE,60000,"('Prudhoe Bay', 'AK')",70.2556453,-148.3384293,North Slope
239,Broussard,LA,CHE,72000,"('Broussard', 'LA')",30.147146,-91.9612305,Lafayette
240,Lafayette,LA,ME,60000,"('Lafayette', 'LA')",30.2240897,-92.0198427,Lafayette
241,Bloomington,MN,CS,62000,"('Bloomington', 'MN')",44.840798,-93.2982799,Hennepin
242,Coldwater,MI,ME,42900,"('Coldwater', 'MI')",41.9403263,-85.00052149999999,Branch
243,Ellicott City,MD,CS,90000,"('Ellicott City', 'MD')",39.2673283,-76.7983067,Howard
244,Ellicott City,MD,CS,90000,"('Ellicott City', 'MD')",39.2673283,-76.7983067,Howard
245,Indianapolis,IN,CS,60000,"('Indianapolis', 'IN')",39.768403,-86.158068,Marion
246,Carmel,IN,SE,60000,"('Carmel', 'IN')",39.978371,-86.1180435,Hamilton
247,Indianapolis,IN,CS,60000,"('Indianapolis', 'IN')",39.768403,-86.158068,Marion
248,Indianapolis,IN,CS,65000,"('Indianapolis', 'IN')",39.768403,-86.158068,Marion
249,Orlando,FL,CE,56900,"('Orlando', 'FL')",28.5383355,-81.3792365,Orange
250,Chicago,IL,CHE,70000,"('Chicago', 'IL')",41.8781136,-87.6297982,Cook
251,Bowling Green,KY,ME,63000,"('Bowling Green', 'KY')",36.9903199,-86.4436018,Warren
252,Indianapolis,IN,SE CS,60000,"('Indianapolis', 'IN')",39.768403,-86.158068,Marion
253,"San Antonio,",TX,EE,65000,"('San Antonio,', 'TX')",29.4241219,-98.49362819999999,Bexar
254,"San Antonio,",TX,ME,62000,"('San Antonio,', 'TX')",29.4241219,-98.49362819999999,Bexar
255,Plymouth,MN,ME,63000,"('Plymouth', 'MN')",45.0105194,-93.4555093,Hennepin
256,Connersville,IN,CHE,60000,"('Connersville', 'IN')",39.6411589,-85.1410748,Fayette
257,Lafayette,IN,CHE,66000,"('Lafayette', 'IN')",40.4167022,-86.87528689999999,Tippecanoe
258,Lafayette,IN,CHE,66000,"('Lafayette', 'IN')",40.4167022,-86.87528689999999,Tippecanoe
259,Lafayette,IN,CHE,66000,"('Lafayette', 'IN')",40.4167022,-86.87528689999999,Tippecanoe
260,Richardson,TX,EE,64008,"('Richardson', 'TX')",32.9481789,-96.7297205,Dallas
261,Dallas,TX,EE,76000,"('Dallas', 'TX')",32.7801399,-96.80045109999999,Dallas
262,Palo Alto,CA,ME,75000,"('Palo Alto', 'CA')",37.4418834,-122.1430195,Santa Clara
263,Dallas,TX,CHE,67008,"('Dallas', 'TX')",32.7801399,-96.80045109999999,Dallas
264,Dallas,TX,EE,67008,"('Dallas', 'TX')",32.7801399,-96.80045109999999,Dallas
265,Dallas,TX,EE,67008,"('Dallas', 'TX')",32.7801399,-96.80045109999999,Dallas
266,Dallas,TX,EE,67000,"('Dallas', 'TX')",32.7801399,-96.80045109999999,Dallas
267,Dallas,TX,ME,60000,"('Dallas', 'TX')",32.7801399,-96.80045109999999,Dallas
268,Dallas,TX,EE,67000,"('Dallas', 'TX')",32.7801399,-96.80045109999999,Dallas
269,Dallas,TX,EE,67000,"('Dallas', 'TX')",32.7801399,-96.80045109999999,Dallas
270,Dallas,TX,EE,67000,"('Dallas', 'TX')",32.7801399,-96.80045109999999,Dallas
271,Phoenix,AZ,EE,67000,"('Phoenix', 'AZ')",33.4483771,-112.0740373,Maricopa
272,Dallas,TX,CHE,67000,"('Dallas', 'TX')",32.7801399,-96.80045109999999,Dallas
273,Phoenix,AZ,CPE,67000,"('Phoenix', 'AZ')",33.4483771,-112.0740373,Maricopa
274,Dallas,TX,EE,67000,"('Dallas', 'TX')",32.7801399,-96.80045109999999,Dallas
275,Phoenix,AZ,EE,67000,"('Phoenix', 'AZ')",33.4483771,-112.0740373,Maricopa
276,Dallas,TX,PHY,65800,"('Dallas', 'TX')",32.7801399,-96.80045109999999,Dallas
277,Dallas,TX,EE,67000,"('Dallas', 'TX')",32.7801399,-96.80045109999999,Dallas
278,Princton,IN,ME,63000,"('Princton', 'IN')",38.3553236,-87.5675222,Gibson
279,Bremen,IN,ME,55000,"('Bremen', 'IN')",41.44643600000001,-86.14805799999999,Marshall
280,Des Plaines,IL,CHE,69000,"('Des Plaines', 'IL')",42.0333623,-87.88339909999999,Cook
281,Chicago,IL,CHE,71000,"('Chicago', 'IL')",41.8781136,-87.6297982,Cook
282,Des Plaines,IL,CHE BE,69000,"('Des Plaines', 'IL')",42.0333623,-87.88339909999999,Cook
283,Seymour,IN,EE,60000,"('Seymour', 'IN')",38.9592201,-85.8902547,Jackson
284,Seymour,IN,EE,60000,"('Seymour', 'IN')",38.9592201,-85.8902547,Jackson
285,San Diego,CA,CPE,68000,"('San Diego', 'CA')",32.7153292,-117.1572551,San Diego
286,Louisville,KY,CE,54000,"('Louisville', 'KY')",38.2526647,-85.7584557,Jefferson
287,Louisville,KY,CE,54000,"('Louisville', 'KY')",38.2526647,-85.7584557,Jefferson
288,Lombard,IL,CE,55000,"('Lombard', 'IL')",41.8800296,-88.00784349999999,Dupage
289,Indianapolis,IN,CE,45006,"('Indianapolis', 'IN')",39.768403,-86.158068,Marion
290,Indianapolis,IN,CE,53520,"('Indianapolis', 'IN')",39.768403,-86.158068,Marion
291,Chicago,IL,CS,70000,"('Chicago', 'IL')",41.8781136,-87.6297982,Cook
292,Clinton,IN,CE,59800,"('Clinton', 'IN')",39.6569817,-87.3980741,Vermillion
293,Walled Lake,MI,ME,60000,"('Walled Lake', 'MI')",42.537811,-83.4810481,Oakland
294,Farmington Hills,MI,CS,60000,"('Farmington Hills', 'MI')",42.4989936,-83.3677168,Oakland
295,Brownsburg,IN,ME,53000,"('Brownsburg', 'IN')",39.8433769,-86.39777350000001,Hendricks
296,Warsaw,IN,BE,58000,"('Warsaw', 'IN')",41.2381,-85.8530469,Kosciusko
297,Westford,MA,EE,59000,"('Westford', 'MA')",42.5792583,-71.4378411,Middlesex
298,Westford,MA,EE,59000,"('Westford', 'MA')",42.5792583,-71.4378411,Middlesex
299,Evansville,IN,ME,55000,"('Evansville', 'IN')",37.9715592,-87.5710898,Vanderburgh
300,Crawfordsville,IN,ME,49000,"('Crawfordsville', 'IN')",40.0411536,-86.87445160000001,Montgomery
301,Peoria,IL,CHE,63000,"('Peoria', 'IL')",40.6936488,-89.5889864,Peoria
302,Decatur,IL,CHE,63000,"('Decatur', 'IL')",39.8403147,-88.9548001,Macon
303,Evansville,IN,ME,60700,"('Evansville', 'IN')",37.9715592,-87.5710898,Vanderburgh
304,Indianapolis,IN,ME,62000,"('Indianapolis', 'IN')",39.768403,-86.158068,Marion
305,Seattle,WA,CPE,90000,"('Seattle', 'WA')",47.6062095,-122.3320708,King
306,Seattle,WA,CS,90000,"('Seattle', 'WA')",47.6062095,-122.3320708,King
307,Seattle,WA,CS,90000,"('Seattle', 'WA')",47.6062095,-122.3320708,King
308,Seattle,WA,CS,90000,"('Seattle', 'WA')",47.6062095,-122.3320708,King
309,Seattle,WA,CS,90000,"('Seattle', 'WA')",47.6062095,-122.3320708,King
310,Seattle,WA,CS,90000,"('Seattle', 'WA')",47.6062095,-122.3320708,King
311,St. Louis,MO,CE,60000,"('St. Louis', 'MO')",38.6270025,-90.19940419999999,St Louis
312,Indianapolis,IN,EE,70000,"('Indianapolis', 'IN')",39.768403,-86.158068,Marion
313,Houston,TX,ME,94000,"('Houston', 'TX')",29.7601927,-95.36938959999999,Harris
314,Houston,TX,ME,94000,"('Houston', 'TX')",29.7601927,-95.36938959999999,Harris
315,Chattanooga,TN,CE,53000,"('Chattanooga', 'TN')",35.0456297,-85.3096801,Hamilton
316,Steelton,PA,ME,61200,"('Steelton', 'PA')",40.2353679,-76.84136130000002,Dauphin
317,Burns Harbor,IN,ME,61900,"('Burns Harbor', 'IN')",41.6258708,-87.1333676,Porter
318,Burns Harbor,IN,CPE,60900,"('Burns Harbor', 'IN')",41.6258708,-87.1333676,Porter
319,Burns Harbor,IN,ME,61200,"('Burns Harbor', 'IN')",41.6258708,-87.1333676,Porter
320,Peoria,IL,CHE,63000,"('Peoria', 'IL')",40.6936488,-89.5889864,Peoria
321,Peoria,IL,CHE,63000,"('Peoria', 'IL')",40.6936488,-89.5889864,Peoria
322,Decatur,IL,EE,61000,"('Decatur', 'IL')",39.8403147,-88.9548001,Macon
323,Chicago,IL,ME,60000,"('Chicago', 'IL')",41.8781136,-87.6297982,Cook
324,Chicago,IL,ME,62000,"('Chicago', 'IL')",41.8781136,-87.6297982,Cook
325,Austin,TX,CPE,62500,"('Austin', 'TX')",30.267153,-97.7430608,Travis
326,Fort Wayne,IN,EE,61000,"('Fort Wayne', 'IN')",41.079273,-85.1393513,Allen
327,Fort Wayne,IN,EE,62000,"('Fort Wayne', 'IN')",41.079273,-85.1393513,Allen
328,St. Louis,MO,CPE,58000,"('St. Louis', 'MO')",38.6270025,-90.19940419999999,St Louis
329,St. Louis,MO,ME,55000,"('St. Louis', 'MO')",38.6270025,-90.19940419999999,St Louis
330,Indianapolis,IN,ME,55000,"('Indianapolis', 'IN')",39.768403,-86.158068,Marion
331,Indianapolis,IN,ME,64000,"('Indianapolis', 'IN')",39.768403,-86.158068,Marion
332,Indianapolis,IN,CS,75000,"('Indianapolis', 'IN')",39.768403,-86.158068,Marion
333,Indianapolis,IN,SE,66000,"('Indianapolis', 'IN')",39.768403,-86.158068,Marion
334,Neenau,WI,CHE,65000,"('Neenau', 'WI')",44.1858193,-88.462609,Winnebago
335,Charleston,SC,SE,63000,"('Charleston', 'SC')",32.7765656,-79.93092159999999,Charleston
336,Charleston,SC,CS,65000,"('Charleston', 'SC')",32.7765656,-79.93092159999999,Charleston
337,Charleston,SC,CS,62500,"('Charleston', 'SC')",32.7765656,-79.93092159999999,Charleston
338,Indianapolis,IN,CS,65000,"('Indianapolis', 'IN')",39.768403,-86.158068,Marion
339,Greenfield,IN,ME,60000,"('Greenfield', 'IN')",39.785043,-85.7694226,Hancock
340,St. Louis,MO,ME,62500,"('St. Louis', 'MO')",38.6270025,-90.19940419999999,St Louis
341,Temecula,CA,CHE,63000,"('Temecula', 'CA')",33.4936391,-117.1483648,Riverside
342,Wauwatosa,WI,CHEM,63000,"('Wauwatosa', 'WI')",43.0494572,-88.0075875,Milwaukee
343,Spencer,IN,BE,57000,"('Spencer', 'IN')",39.2867117,-86.7625058,Owen
344,Baltimore,MD,CE,59000,"('Baltimore', 'MD')",39.2903848,-76.6121893,US
345,Houston,TX,CHE,78000,"('Houston', 'TX')",29.7601927,-95.36938959999999,Harris
346,Chicago,IL,EE,65000,"('Chicago', 'IL')",41.8781136,-87.6297982,Cook
347,Kansas City,MO,CHE,62000,"('Kansas City', 'MO')",39.0997265,-94.5785667,Jackson
348,Lafayette,IN,ME,64224,"('Lafayette', 'IN')",40.4167022,-86.87528689999999,Tippecanoe
349,Peoria,IL,ME,63000,"('Peoria', 'IL')",40.6936488,-89.5889864,Peoria
350,Peoria,IL,EE,64000,"('Peoria', 'IL')",40.6936488,-89.5889864,Peoria
351,Tucson,AZ,ME,64000,"('Tucson', 'AZ')",32.2217429,-110.926479,Pima
352,Peoria,IL,ME,64224,"('Peoria', 'IL')",40.6936488,-89.5889864,Peoria
353,Indianapolis,IN,CE,43000,"('Indianapolis', 'IN')",39.768403,-86.158068,Marion
354,Alexandria,VA,CS,75000,"('Alexandria', 'VA')",38.8048355,-77.0469214,US
355,Auburn Hills,MI,ME,60000,"('Auburn Hills', 'MI')",42.6875323,-83.2341028,Oakland
356,Pekin,IL,CHE,55000,"('Pekin', 'IL')",40.5675388,-89.640658,Tazewell
357,Bloomington,IN,ME,55200,"('Bloomington', 'IN')",39.165325,-86.52638569999999,Monroe
358,Bloomington,IN,BE,53400,"('Bloomington', 'IN')",39.165325,-86.52638569999999,Monroe
359,Bloomington,IN,CHE,55200,"('Bloomington', 'IN')",39.165325,-86.52638569999999,Monroe
360,Bloomington,IN,BE,59100,"('Bloomington', 'IN')",39.165325,-86.52638569999999,Monroe
361,Columbus,IN,EE,64000,"('Columbus', 'IN')",39.2014404,-85.9213796,Bartholomew
362,Columbus,IN,ME,61000,"('Columbus', 'IN')",39.2014404,-85.9213796,Bartholomew
363,Columbus,IN,EE,68000,"('Columbus', 'IN')",39.2014404,-85.9213796,Bartholomew
364,Columbus,IN,EE,66000,"('Columbus', 'IN')",39.2014404,-85.9213796,Bartholomew
365,Columbus,IN,EE,65000,"('Columbus', 'IN')",39.2014404,-85.9213796,Bartholomew
366,Columbus,IN,EE,63000,"('Columbus', 'IN')",39.2014404,-85.9213796,Bartholomew
367,Columbus,IN,ME,61000,"('Columbus', 'IN')",39.2014404,-85.9213796,Bartholomew
368,Columbus,IN,ME,61000,"('Columbus', 'IN')",39.2014404,-85.9213796,Bartholomew
369,Columbus,IN,ME,61000,"('Columbus', 'IN')",39.2014404,-85.9213796,Bartholomew
370,Indianapolis,IN,CS,62400,"('Indianapolis', 'IN')",39.768403,-86.158068,Marion
371,Cicero,IL,ME,47500,"('Cicero', 'IL')",41.8455877,-87.7539448,Cook
372,Muncie,IN,ME,66000,"('Muncie', 'IN')",40.1933767,-85.3863599,Delaware
373,Peoria,IL,ME,52000,"('Peoria', 'IL')",40.6936488,-89.5889864,Peoria
374,Fort Meade,MD,CS,55600,"('Fort Meade', 'MD')",39.1137602,-76.7267773,Anne Arundel
375,Hope,IN,ME,50000,"('Hope', 'IN')",39.3039397,-85.77137220000002,Bartholomew
376,Hope,IN,ME,50000,"('Hope', 'IN')",39.3039397,-85.77137220000002,Bartholomew
377,Chicago,IL,ME,70000,"('Chicago', 'IL')",41.8781136,-87.6297982,Cook
378,Evansville,MN,ME,48000,"('Evansville', 'MN')",46.0041275,-95.682824,Douglas
379,Freeport,TX,CHE,66228,"('Freeport', 'TX')",28.9541368,-95.35966169999999,Brazoria
380,Louisville,KY,CHE,67655,"('Louisville', 'KY')",38.2526647,-85.7584557,Jefferson
381,Deer Park,TX,CHE,66000,"('Deer Park', 'TX')",29.7052284,-95.1238204,Harris
382,Michigan City,IN,CHE,60000,"('Michigan City', 'IN')",41.70753939999999,-86.8950297,Laporte
383,Chicago,IL,SE,72000,"('Chicago', 'IL')",41.8781136,-87.6297982,Cook
384,Indianapolis,IN,ME,63000,"('Indianapolis', 'IN')",39.768403,-86.158068,Marion
385,Indianapolis,IN,ME,63000,"('Indianapolis', 'IN')",39.768403,-86.158068,Marion
386,Indianapolis,IN,BE,63000,"('Indianapolis', 'IN')",39.768403,-86.158068,Marion
387,Greenwood,IN,BE,55000,"('Greenwood', 'IN')",39.6136578,-86.10665259999999,Johnson
388,"Wheeling,",IL,ME,57000,"('Wheeling,', 'IL')",42.1391927,-87.9289591,Cook
389,Chicago,IL,SE,75000,"('Chicago', 'IL')",41.8781136,-87.6297982,Cook
390,Chicago,IL,CHE,60000,"('Chicago', 'IL')",41.8781136,-87.6297982,Cook
391,Champaign,IL,BE,50000,"('Champaign', 'IL')",40.1164204,-88.2433829,Champaign
392,Madison,WI,CHE,60000,"('Madison', 'WI')",43.0730517,-89.4012302,Dane
393,Madison,WI,CS,65000,"('Madison', 'WI')",43.0730517,-89.4012302,Dane
394,Mooresville,IN,ME,55000,"('Mooresville', 'IN')",39.6128243,-86.37415999999999,Morgan
395,Amherst,NY,ME,65000,"('Amherst', 'NY')",42.9756133,-78.7914222,Erie
396,Indianapolis,IN,CS,60000,"('Indianapolis', 'IN')",39.768403,-86.158068,Marion
397,Morris,IL,ME,65000,"('Morris', 'IL')",41.357254,-88.4211785,Grundy
398,Cleveland,OH,CS,70000,"('Cleveland', 'OH')",41.4994954,-81.6954088,Cuyahoga
399,Dearborn,MI,EE,62100,"('Dearborn', 'MI')",42.3222599,-83.17631449999999,Wayne
400,Sharonville,OH,ME,63780,"('Sharonville', 'OH')",39.2681136,-84.4132746,Hamilton
401,Dearborn,MI,EE,64000,"('Dearborn', 'MI')",42.3222599,-83.17631449999999,Wayne
402,Mount Vernon,IN,CE,35000,"('Mount Vernon', 'IN')",37.9322662,-87.8950267,Posey
403,Bakersfield,CA,BE,67000,"('Bakersfield', 'CA')",35.3732921,-119.0187125,Kern
404,Louisville,KY,ME,63000,"('Louisville', 'KY')",38.2526647,-85.7584557,Jefferson
405,Louisville,KY,ME,63000,"('Louisville', 'KY')",38.2526647,-85.7584557,Jefferson
406,Terre Haute,IN,ME,60000,"('Terre Haute', 'IN')",39.4667034,-87.41390919999999,Vigo
407,Na,NA,CHE,60000,"('Na', 'NA')",-22.95764,18.49041,NA
408,Zeeland,MI,ME,53100,"('Zeeland', 'MI')",42.8125246,-86.01865099999999,Ottawa
409,Montgomery,AL,EE,55000,"('Montgomery', 'AL')",32.3668052,-86.2999689,Montgomery
410,Brazil,IN,ME,52000,"('Brazil', 'IN')",39.523652,-87.1250154,Clay
411,Fontanet,IN,ME,33000,"('Fontanet', 'IN')",39.57536990000001,-87.2434821,Vigo
412,Madison,IN,OE,56368,"('Madison', 'IN')",38.7358933,-85.37995769999999,Jefferson
413,Chicago,IL,CS,80000,"('Chicago', 'IL')",41.8781136,-87.6297982,Cook
414,Chicago,IL,SE,80000,"('Chicago', 'IL')",41.8781136,-87.6297982,Cook
415,Assumption,IL,ME,62000,"('Assumption', 'IL')",39.5203188,-89.0489712,Christian
416,Homer City,PA,CE,56400,"('Homer City', 'PA')",40.5434007,-79.16225659999999,Indiana
417,Muncie,PA,CE,57000,"('Muncie', 'PA')",41.2056373,-76.78551519999999,Lycoming
418,Williston,ND,CHE,56400,"('Williston', 'ND')",48.1469683,-103.6179745,Williams
419,Bakersfield,CA,CHE,56400,"('Bakersfield', 'CA')",35.3732921,-119.0187125,Kern
420,Brighton,CO,CHE,56000,"('Brighton', 'CO')",39.9852617,-104.8205283,Adams
421,Farmington,NM,CHE,56400,"('Farmington', 'NM')",36.72805830000001,-108.2186856,San Juan
422,Muncie,PA,CHE,56400,"('Muncie', 'PA')",41.2056373,-76.78551519999999,Lycoming
423,Brighton,CO,CHE,56000,"('Brighton', 'CO')",39.9852617,-104.8205283,Adams
424,Williston,ND,CHE,64500,"('Williston', 'ND')",48.1469683,-103.6179745,Williams
425,Cannonsburg,PA,EE,56500,"('Cannonsburg', 'PA')",40.2625702,-80.18727969999999,Washington
426,Carmichaels,PA,CE,56600,"('Carmichaels', 'PA')",39.89674249999999,-79.9744992,Greene
427,Carmichaels,PA,CE,56400,"('Carmichaels', 'PA')",39.89674249999999,-79.9744992,Greene
428,Williston,ND,CE,54000,"('Williston', 'ND')",48.1469683,-103.6179745,Williams
429,Muscatine,IA,ME,55000,"('Muscatine', 'IA')",41.424473,-91.0432051,Muscatine
430,Coon Rapids,MN,EE,60000,"('Coon Rapids', 'MN')",45.1732394,-93.30300629999999,Anoka
431,Des Plaines,IL,CHE,69000,"('Des Plaines', 'IL')",42.0333623,-87.88339909999999,Cook
432,Indianapolis,IN,ME,57500,"('Indianapolis', 'IN')",39.768403,-86.158068,Marion
433,Laporte,IN,CE,44512,"('Laporte', 'IN')",41.611143,-86.7227195,Laporte
434,Chicago,IL,CE,52000,"('Chicago', 'IL')",41.8781136,-87.6297982,Cook
435,Indianapolis,IN,ME,70000,"('Indianapolis', 'IN')",39.768403,-86.158068,Marion
436,Indianapolis,IN,CS,70000,"('Indianapolis', 'IN')",39.768403,-86.158068,Marion
437,Indianapolis,IN,SE,70000,"('Indianapolis', 'IN')",39.768403,-86.158068,Marion
438,Indianapolis,IN,CS,70000,"('Indianapolis', 'IN')",39.768403,-86.158068,Marion
439,Indianapolis,IN,CS,70000,"('Indianapolis', 'IN')",39.768403,-86.158068,Marion
440,Indianapolis,IN,SE,70000,"('Indianapolis', 'IN')",39.768403,-86.158068,Marion
441,Indianapolis,IN,CS,75000,"('Indianapolis', 'IN')",39.768403,-86.158068,Marion
442,Georgetown,SC,CHE,65000,"('Georgetown', 'SC')",33.376834,-79.2944964,Georgetown
443,Valliant,OK,ME,63000,"('Valliant', 'OK')",34.0023293,-95.0938386,McCurtain
444,Texarkana,AR,CHE,67000,"('Texarkana', 'AR')",33.4417915,-94.0376881,Miller
445,Louisville,KY,ME,50000,"('Louisville', 'KY')",38.2526647,-85.7584557,Jefferson
446,Fort Wayne,IN,ME,59000,"('Fort Wayne', 'IN')",41.079273,-85.1393513,Allen
447,Indianapolis,IN,CE,50000,"('Indianapolis', 'IN')",39.768403,-86.158068,Marion
448,Merrillville,IN,ME,54500,"('Merrillville', 'IN')",41.4828144,-87.33281389999999,Lake
449,Chicago,IL,CS,60000,"('Chicago', 'IL')",41.8781136,-87.6297982,Cook
450,Dallas,TX,CE,55000,"('Dallas', 'TX')",32.7801399,-96.80045109999999,Dallas
451,Shelbyville,IN,CE,62500,"('Shelbyville', 'IN')",39.5214373,-85.7769238,Shelby
452,Shelbyville,IN,CHE,62500,"('Shelbyville', 'IN')",39.5214373,-85.7769238,Shelby
453,Kanazawa,JAPAN,ME,69600,"('Kanazawa', 'JAPAN')",36.56132540000001,136.6562051,JP
454,Lexington,KY,CS,75000,"('Lexington', 'KY')",38.0405837,-84.5037164,Fayette
455,Louisville,KY,ME,58000,"('Louisville', 'KY')",38.2526647,-85.7584557,Jefferson
456,Dayton,OH,CPE,65000,"('Dayton', 'OH')",39.7589478,-84.1916069,Montgomery
457,Dayton,OH,CPE,63000,"('Dayton', 'OH')",39.7589478,-84.1916069,Montgomery
458,Catlettsburg,KY,CHE,80000,"('Catlettsburg', 'KY')",38.4048042,-82.60043689999999,Boyd
459,Indianapolis,IN,CE,55000,"('Indianapolis', 'IN')",39.768403,-86.158068,Marion
460,Reston,VA,CS,93000,"('Reston', 'VA')",38.9586307,-77.35700279999999,Fairfax
461,Reston,VA,CS,95000,"('Reston', 'VA')",38.9586307,-77.35700279999999,Fairfax
462,Redmond,WA,CS,95000,"('Redmond', 'WA')",47.6739881,-122.121512,King
463,Redmond,WA,CS,95000,"('Redmond', 'WA')",47.6739881,-122.121512,King
464,Redmond,WA,CS,95000,"('Redmond', 'WA')",47.6739881,-122.121512,King
465,Seattle,WA,CS,95000,"('Seattle', 'WA')",47.6062095,-122.3320708,King
466,Redmond,WA,CS,95000,"('Redmond', 'WA')",47.6739881,-122.121512,King
467,Redmond,WA,CS,95000,"('Redmond', 'WA')",47.6739881,-122.121512,King
468,Redmond,WA,SE,95000,"('Redmond', 'WA')",47.6739881,-122.121512,King
469,Redmond,WA,CS,95000,"('Redmond', 'WA')",47.6739881,-122.121512,King
470,Redmond,WA,SE,102500,"('Redmond', 'WA')",47.6739881,-122.121512,King
471,Terre Haute,IN,CHEM,42000,"('Terre Haute', 'IN')",39.4667034,-87.41390919999999,Vigo
472,Monroeville,IN,ME,37200,"('Monroeville', 'IN')",40.9747705,-84.8682972,Allen
473,Indianapolis,IN,CE,54000,"('Indianapolis', 'IN')",39.768403,-86.158068,Marion
474,Indianapolis,IN,CE,47800,"('Indianapolis', 'IN')",39.768403,-86.158068,Marion
475,South Bend,IN,ME,58000,"('South Bend', 'IN')",41.6763545,-86.25198979999999,St Joseph
476,Mooresville,IN,ME,65000,"('Mooresville', 'IN')",39.6128243,-86.37415999999999,Morgan
477,Greensboro,GA,ME,60000,"('Greensboro', 'GA')",33.5756831,-83.18237890000002,Greene
478,Fremont,WV,CHE,55000,"('Fremont', 'WV')",40.0216713,-80.7003072,Marshall
479,Terre Haute,IN,EE,70000,"('Terre Haute', 'IN')",39.4667034,-87.41390919999999,Vigo
480,Crane,IN,ME,58000,"('Crane', 'IN')",38.8911588,-86.90389379999999,Martin
481,Perrysburg,OH,CHE,58000,"('Perrysburg', 'OH')",41.556996,-83.627157,Wood
482,Osh Kosh,WI,ME,60000,"('Osh Kosh', 'WI')",44.0247062,-88.5426136,Winnebago
483,Orlando,FL,ME,65000,"('Orlando', 'FL')",28.5383355,-81.3792365,Orange
484,Jupiter,FL,ME,65000,"('Jupiter', 'FL')",26.9342246,-80.0942087,Palm Beach
485,Indianapolis,IN,ME,50000,"('Indianapolis', 'IN')",39.768403,-86.158068,Marion
486,Dallas,TX,OE,55368,"('Dallas', 'TX')",32.7801399,-96.80045109999999,Dallas
487,Columbus,IN,ME,52000,"('Columbus', 'IN')",39.2014404,-85.9213796,Bartholomew
488,Point Beach,WI,ME,70000,"('Point Beach', 'WI')",44.1999304,-87.52816469999999,Door
489,Ipsilanti,MI,ME,68000,"('Ipsilanti', 'MI')",42.2411499,-83.61299389999999,Washtenaw
490,Chicago,IL,CE,53000,"('Chicago', 'IL')",41.8781136,-87.6297982,Cook
491,Reston,VA,CPE,60008,"('Reston', 'VA')",38.9586307,-77.35700279999999,Fairfax
492,Mount Vernon,IN,CHE,53760,"('Mount Vernon', 'IN')",37.9322662,-87.8950267,Posey
493,Mount Vernon,IN,CHE,58240,"('Mount Vernon', 'IN')",37.9322662,-87.8950267,Posey
494,Dallas,TX,SE,60300,"('Dallas', 'TX')",32.7801399,-96.80045109999999,Dallas
495,Dallas,TX,CS,63000,"('Dallas', 'TX')",32.7801399,-96.80045109999999,Dallas
496,Fort Wayne,IN,SE,60300,"('Fort Wayne', 'IN')",41.079273,-85.1393513,Allen
497,Chicago,IL,SE,71000,"('Chicago', 'IL')",41.8781136,-87.6297982,Cook
498,Shelbyville,KY,ME,59000,"('Shelbyville', 'KY')",38.2120144,-85.2235666,Shelby
499,Indianapolis,IN,ME,55000,"('Indianapolis', 'IN')",39.768403,-86.158068,Marion
500,"Prudoebay,",AK,ME,68000,"('Prudoebay,', 'AK')",70.2556453,-148.3384293,North Slope
501,Westin,WV,ME,62500,"('Westin', 'WV')",39.0384274,-80.46731299999999,Lewis
502,New Iberia,LA,CHE,70000,"('New Iberia', 'LA')",30.0035365,-91.81872849999999,Iberia
503,Bakersfield,CA,CE,70000,"('Bakersfield', 'CA')",35.3732921,-119.0187125,Kern
504,Midland,TX,CHE,62004,"('Midland', 'TX')",31.9973456,-102.0779146,Midland
505,Houston,TX,ME,72000,"('Houston', 'TX')",29.7601927,-95.36938959999999,Harris
506,Midland,TX,CHE,70000,"('Midland', 'TX')",31.9973456,-102.0779146,Midland
507,Carmel,IN,CS,58000,"('Carmel', 'IN')",39.978371,-86.1180435,Hamilton
508,Indianapolis,IN,CS,58000,"('Indianapolis', 'IN')",39.768403,-86.158068,Marion
509,Indianapolis,IN,CS,60000,"('Indianapolis', 'IN')",39.768403,-86.158068,Marion
510,Carmel,IN,CS,61500,"('Carmel', 'IN')",39.978371,-86.1180435,Hamilton
511,Houston,TX,ME,83000,"('Houston', 'TX')",29.7601927,-95.36938959999999,Harris
512,Orlando,FL,ME,56000,"('Orlando', 'FL')",28.5383355,-81.3792365,Orange
513,Cincinnati,OH,SE,50000,"('Cincinnati', 'OH')",39.1031182,-84.5120196,Hamilton
514,San Diego,CA,ME,64000,"('San Diego', 'CA')",32.7153292,-117.1572551,San Diego
515,Terre Haute,IN,ME,42000,"('Terre Haute', 'IN')",39.4667034,-87.41390919999999,Vigo
516,San Antonio,TX,ME,62000,"('San Antonio', 'TX')",29.4241219,-98.49362819999999,Bexar
517,Minneapolis,MN,BE,65500,"('Minneapolis', 'MN')",44.983334,-93.26666999999999,Hennepin
518,Indianapolis,IN,EE,58000,"('Indianapolis', 'IN')",39.768403,-86.158068,Marion
519,Lafayette,IN,CHE,67000,"('Lafayette', 'IN')",40.4167022,-86.87528689999999,Tippecanoe
520,West Lafayette,IN,CHE,66000,"('West Lafayette', 'IN')",40.4258686,-86.90806549999999,Tippecanoe
521,Dallas,TX,EE,67000,"('Dallas', 'TX')",32.7801399,-96.80045109999999,Dallas
522,Dallas,TX,EE,67000,"('Dallas', 'TX')",32.7801399,-96.80045109999999,Dallas
523,Dallas,TX,EE,67000,"('Dallas', 'TX')",32.7801399,-96.80045109999999,Dallas
524,Dallas,TX,CPE,67000,"('Dallas', 'TX')",32.7801399,-96.80045109999999,Dallas
525,Sturgeon Bay,WI,CHE,58000,"('Sturgeon Bay', 'WI')",44.8341639,-87.3770419,Door
526,San Antonio,TX,ME,64000,"('San Antonio', 'TX')",29.4241219,-98.49362819999999,Bexar
527,Erlanger,KY,ME,60000,"('Erlanger', 'KY')",39.0167275,-84.60077729999999,Kenton
528,Indianapolis,IN,BE,43000,"('Indianapolis', 'IN')",39.768403,-86.158068,Marion
529,Marshall,IL,ME,54000,"('Marshall', 'IL')",39.3914252,-87.6936384,Clark
530,Des Plaines,IL,CHE,69000,"('Des Plaines', 'IL')",42.0333623,-87.88339909999999,Cook
531,Des Plaines,IL,CHE,69000,"('Des Plaines', 'IL')",42.0333623,-87.88339909999999,Cook
532,Des Plaines,IL,CHE,69000,"('Des Plaines', 'IL')",42.0333623,-87.88339909999999,Cook
533,Lombard,IL,CHE,63000,"('Lombard', 'IL')",41.8800296,-88.00784349999999,Dupage
534,Seymour,IN,OE,65000,"('Seymour', 'IN')",38.9592201,-85.8902547,Jackson
535,Seymour,IN,ME,60000,"('Seymour', 'IN')",38.9592201,-85.8902547,Jackson
536,Bloomington,IN,CE,55000,"('Bloomington', 'IN')",39.165325,-86.52638569999999,Monroe
537,Lafayette,IN,CE,55000,"('Lafayette', 'IN')",40.4167022,-86.87528689999999,Tippecanoe
538,Franklin,WI,ME,58000,"('Franklin', 'WI')",42.888627,-88.03841949999999,Milwaukee
539,Louisville,KY,ME,60000,"('Louisville', 'KY')",38.2526647,-85.7584557,Jefferson
540,Cannonsburg,PA,CE,54000,"('Cannonsburg', 'PA')",40.2625702,-80.18727969999999,Washington
541,Pittsburgh,PA,CE,57000,"('Pittsburgh', 'PA')",40.44062479999999,-79.9958864,Allegheny
542,Decatur,IL,CHE,63000,"('Decatur', 'IL')",39.8403147,-88.9548001,Macon
543,Decatur,IL,CHE,63000,"('Decatur', 'IL')",39.8403147,-88.9548001,Macon
544,Galesburg,IL,ME,60000,"('Galesburg', 'IL')",40.94781580000001,-90.3712395,Knox
545,Whitehall,MI,CHE,66000,"('Whitehall', 'MI')",43.4100107,-86.34867919999999,Muskegon
546,Morristown,IN,ME,60000,"('Morristown', 'IN')",39.6733785,-85.69858820000002,Shelby
547,Whitehall,MI,ME,60000,"('Whitehall', 'MI')",43.4100107,-86.34867919999999,Muskegon
548,Indianapolis,IN,ME,62000,"('Indianapolis', 'IN')",39.768403,-86.158068,Marion
549,Akron,OH,CHE,63000,"('Akron', 'OH')",41.0814447,-81.51900529999999,Summit
550,Arlington,VA,CPE,67000,"('Arlington', 'VA')",38.8799697,-77.1067698,Arlington
551,Burns Harbor,IN,CE,55900,"('Burns Harbor', 'IN')",41.6258708,-87.1333676,Porter
552,Gary,IN,CHE,63000,"('Gary', 'IN')",41.5933696,-87.3464271,Lake
553,Chicago,IL,CS,60000,"('Chicago', 'IL')",41.8781136,-87.6297982,Cook
554,Burns Harbor,IN,EE,67000,"('Burns Harbor', 'IN')",41.6258708,-87.1333676,Porter
555,Burns Harbor,IN,ME,60600,"('Burns Harbor', 'IN')",41.6258708,-87.1333676,Porter
556,Austin,TX,SE,58000,"('Austin', 'TX')",30.267153,-97.7430608,Travis
557,St. Louis,IN,ME,58000,"('St. Louis', 'IN')",38.6270025,-90.19940419999999,US
558,Bloomington,IN,CHE,55000,"('Bloomington', 'IN')",39.165325,-86.52638569999999,Monroe
559,Pittsburgh,PA,ME,57600,"('Pittsburgh', 'PA')",40.44062479999999,-79.9958864,Allegheny
560,Indianapolis,IN,CPE,62000,"('Indianapolis', 'IN')",39.768403,-86.158068,Marion
561,Indianapolis,IN,EE,62000,"('Indianapolis', 'IN')",39.768403,-86.158068,Marion
562,Indianapolis,IN,SE,65000,"('Indianapolis', 'IN')",39.768403,-86.158068,Marion
563,Greenfield,IN,ME,58000,"('Greenfield', 'IN')",39.785043,-85.7694226,Hancock
564,Spencer,IN,BE,52500,"('Spencer', 'IN')",39.2867117,-86.7625058,Owen
565,Spencer,IN,ME,53788,"('Spencer', 'IN')",39.2867117,-86.7625058,Owen
566,Mount Vernon,IN,CHE,62000,"('Mount Vernon', 'IN')",37.9322662,-87.8950267,Posey
567,Hillard,OH,ME,55000,"('Hillard', 'OH')",40.0333961,-83.1582451,Franklin
568,Downers Grove,IL,CHE,59600,"('Downers Grove', 'IL')",41.8089191,-88.01117459999999,Dupage
569,Peoria,IL,EE,62700,"('Peoria', 'IL')",40.6936488,-89.5889864,Peoria
570,Peoria,IL,ME,62000,"('Peoria', 'IL')",40.6936488,-89.5889864,Peoria
571,Peoria,IL,ME,63000,"('Peoria', 'IL')",40.6936488,-89.5889864,Peoria
572,Lafayette,IN,ME,61800,"('Lafayette', 'IN')",40.4167022,-86.87528689999999,Tippecanoe
573,Lafayette,IN,ME,62700,"('Lafayette', 'IN')",40.4167022,-86.87528689999999,Tippecanoe
574,Auburn Hills,MI,ME,61000,"('Auburn Hills', 'MI')",42.6875323,-83.2341028,Oakland
575,Bloomington,IN,BE,55000,"('Bloomington', 'IN')",39.165325,-86.52638569999999,Monroe
576,Columbus,IN,EE,70000,"('Columbus', 'IN')",39.2014404,-85.9213796,Bartholomew
577,Columbus,IN,ME,60000,"('Columbus', 'IN')",39.2014404,-85.9213796,Bartholomew
578,Columbus,IN,ME,60000,"('Columbus', 'IN')",39.2014404,-85.9213796,Bartholomew
579,Columbus,IN,ME,60000,"('Columbus', 'IN')",39.2014404,-85.9213796,Bartholomew
580,Seymour,IN,ME,60000,"('Seymour', 'IN')",38.9592201,-85.8902547,Jackson
581,Columbus,IN,ME,60000,"('Columbus', 'IN')",39.2014404,-85.9213796,Bartholomew
582,Columbus,IN,ME,60500,"('Columbus', 'IN')",39.2014404,-85.9213796,Bartholomew
583,Columbus,IN,ME,65000,"('Columbus', 'IN')",39.2014404,-85.9213796,Bartholomew
584,Columbus,IN,EE,61000,"('Columbus', 'IN')",39.2014404,-85.9213796,Bartholomew
585,Columbus,IN,ME,60000,"('Columbus', 'IN')",39.2014404,-85.9213796,Bartholomew
586,Petaluma,CA,SE,81000,"('Petaluma', 'CA')",38.232417,-122.6366524,Sonoma
587,Petaluma,CA,SE,81000,"('Petaluma', 'CA')",38.232417,-122.6366524,Sonoma
588,Indianapolis,IN,CS,55500,"('Indianapolis', 'IN')",39.768403,-86.158068,Marion
589,Kokomo,IN,ME,63000,"('Kokomo', 'IN')",40.486427,-86.13360329999999,Howard
590,Freeport,TX,CHE,66000,"('Freeport', 'TX')",28.9541368,-95.35966169999999,Brazoria
591,Midland,MI,CHE,63000,"('Midland', 'MI')",43.6155825,-84.2472116,Midland
592,Chicago,IL,ME,59500,"('Chicago', 'IL')",41.8781136,-87.6297982,Cook
593,Indianapolis,IN,CHE,63000,"('Indianapolis', 'IN')",39.768403,-86.158068,Marion
594,Indianapolis,IN,CHE,63000,"('Indianapolis', 'IN')",39.768403,-86.158068,Marion
595,Clinton,IN,CHE,60999,"('Clinton', 'IN')",39.6569817,-87.3980741,Vermillion
596,Indianapolis,IN,CHE,60999,"('Indianapolis', 'IN')",39.768403,-86.158068,Marion
597,Indianapolis,IN,ME,60999,"('Indianapolis', 'IN')",39.768403,-86.158068,Marion
598,Indianapolis,IN,CHE,60000,"('Indianapolis', 'IN')",39.768403,-86.158068,Marion
599,Chicago,IL,SE,75000,"('Chicago', 'IL')",41.8781136,-87.6297982,Cook
600,Chicago,IL,SE,75000,"('Chicago', 'IL')",41.8781136,-87.6297982,Cook
601,Chicago,IL,SE,75000,"('Chicago', 'IL')",41.8781136,-87.6297982,Cook
602,Chicago,IL,SE,75000,"('Chicago', 'IL')",41.8781136,-87.6297982,Cook
603,Verona,WI,BE,58000,"('Verona', 'WI')",42.990831,-89.53317729999999,Dane
604,Madison,WI,BE,60000,"('Madison', 'WI')",43.0730517,-89.4012302,Dane
605,Madison,WI,BE,56000,"('Madison', 'WI')",43.0730517,-89.4012302,Dane
606,Madison,WI,BE,62000,"('Madison', 'WI')",43.0730517,-89.4012302,Dane
607,Madison,WI,CS,70000,"('Madison', 'WI')",43.0730517,-89.4012302,Dane
608,Madison,WI,ME,60000,"('Madison', 'WI')",43.0730517,-89.4012302,Dane
609,Indianapolis,IN,SE,51000,"('Indianapolis', 'IN')",39.768403,-86.158068,Marion
610,Baytown,TX,ME,89000,"('Baytown', 'TX')",29.7355047,-94.97742740000001,Harris
611,Columbus,IN,ME,60000,"('Columbus', 'IN')",39.2014404,-85.9213796,Bartholomew
612,Bakersfield,CA,BE,65000,"('Bakersfield', 'CA')",35.3732921,-119.0187125,Kern
613,Frankfort,IN,ME,57500,"('Frankfort', 'IN')",40.2794809,-86.5108355,Clinton
614,Cincinnati,OH,ME,62250,"('Cincinnati', 'OH')",39.1031182,-84.5120196,Hamilton
615,Evandale,OH,ME,62250,"('Evandale', 'OH')",39.2561691,-84.417997,Hamilton
616,Cincinnati,OH,ME,60000,"('Cincinnati', 'OH')",39.1031182,-84.5120196,Hamilton
617,West Chester,OH,ME,61250,"('West Chester', 'OH')",39.0875777,-81.9226372,Meigs
618,Cincinnati,OH,ME,61250,"('Cincinnati', 'OH')",39.1031182,-84.5120196,Hamilton
619,Oakbrook Terrace,IL,CS,70000,"('Oakbrook Terrace', 'IL')",41.8500302,-87.96450770000001,Dupage
620,Oakbrook Terrace,IL,SE,70000,"('Oakbrook Terrace', 'IL')",41.8500302,-87.96450770000001,Dupage
621,Chicago,IL,SE,70000,"('Chicago', 'IL')",41.8781136,-87.6297982,Cook
622,Columbus,OH,MA,54000,"('Columbus', 'OH')",39.9611755,-82.99879419999999,Franklin
623,Santa Barbara,CA,CS,91000,"('Santa Barbara', 'CA')",34.4208305,-119.6981901,Santa Barbara
624,Montgomery,PA,CE,56000,"('Montgomery', 'PA')",41.1703592,-76.8769076,Lycoming
625,Houston,TX,CHE,62000,"('Houston', 'TX')",29.7601927,-95.36938959999999,Harris
626,Carmichaels,PA,EE,50400,"('Carmichaels', 'PA')",39.89674249999999,-79.9744992,Greene
627,Kilgore,TX,ME,56400,"('Kilgore', 'TX')",32.3862619,-94.87577089999999,Gregg
628,Carmichaels,PA,ME,50400,"('Carmichaels', 'PA')",39.89674249999999,-79.9744992,Greene
629,Chicago,IL,CHE,60000,"('Chicago', 'IL')",41.8781136,-87.6297982,Cook
630,Phoenix,AZ,CE,50400,"('Phoenix', 'AZ')",33.4483771,-112.0740373,Maricopa
631,Kansas City,KS,EP,62400,"('Kansas City', 'KS')",39.114053,-94.6274636,Wyandotte
632,Burlington,VT,EP,65000,"('Burlington', 'VT')",44.4758825,-73.21207199999999,Chittenden
633,Indianapolis,IN,CPE,68000,"('Indianapolis', 'IN')",39.768403,-86.158068,Marion
634,Indianapolis,IN,CS,56520,"('Indianapolis', 'IN')",39.768403,-86.158068,Marion
635,Houston,TX,CHE,57000,"('Houston', 'TX')",29.7601927,-95.36938959999999,Harris
636,Indianapolis,IN,CS,63000,"('Indianapolis', 'IN')",39.768403,-86.158068,Marion
637,Springfield,OR,EE,62000,"('Springfield', 'OR')",44.0462362,-123.0220289,Lane
638,Portland,OR,EE,62500,"('Portland', 'OR')",45.5234515,-122.6762071,Multnomah
639,Texarkana,TX,ME,67000,"('Texarkana', 'TX')",33.425125,-94.04768820000001,Bowie
640,Merrillville,IN,ME,53500,"('Merrillville', 'IN')",41.4828144,-87.33281389999999,Lake
641,Merrillville,IN,ME,53500,"('Merrillville', 'IN')",41.4828144,-87.33281389999999,Lake
642,Lexington,KY,CPE,57600,"('Lexington', 'KY')",38.0405837,-84.5037164,Fayette
643,Lexington,KY,CS,68000,"('Lexington', 'KY')",38.0405837,-84.5037164,Fayette
644,Lexington,KY,ME,63000,"('Lexington', 'KY')",38.0405837,-84.5037164,Fayette
645,Columbus,IN,CPE,57500,"('Columbus', 'IN')",39.2014404,-85.9213796,Bartholomew
646,Orlando,FL,ME,51000,"('Orlando', 'FL')",28.5383355,-81.3792365,Orange
647,Dayton,OH,ME,65000,"('Dayton', 'OH')",39.7589478,-84.1916069,Montgomery
648,Indianapolis,IN,BE,42240,"('Indianapolis', 'IN')",39.768403,-86.158068,Marion
649,Cincinnati,OH,CE,48500,"('Cincinnati', 'OH')",39.1031182,-84.5120196,Hamilton
650,Phoenix,AZ,EE,57000,"('Phoenix', 'AZ')",33.4483771,-112.0740373,Maricopa
651,Redmond,WA,CPE,93500,"('Redmond', 'WA')",47.6739881,-122.121512,King
652,Petaluma,CA,CS,81000,"('Petaluma', 'CA')",38.232417,-122.6366524,Sonoma
653,Redmond,WA,SE,81000,"('Redmond', 'WA')",47.6739881,-122.121512,King
654,Indianapolis,IN,CS,42000,"('Indianapolis', 'IN')",39.768403,-86.158068,Marion
655,Norfolk,VA,CE,54000,"('Norfolk', 'VA')",36.8507689,-76.28587259999999,US
656,Dayton,OH,EE,54000,"('Dayton', 'OH')",39.7589478,-84.1916069,Montgomery
657,Denver,CO,SE,96000,"('Denver', 'CO')",39.737567,-104.9847179,Denver
658,Houston,TX,BE,58000,"('Houston', 'TX')",29.7601927,-95.36938959999999,Harris
659,Austin,TX,BE,60000,"('Austin', 'TX')",30.267153,-97.7430608,Travis
660,Austin,TX,CS,70000,"('Austin', 'TX')",30.267153,-97.7430608,Travis
661,Austin,TX,ME,58000,"('Austin', 'TX')",30.267153,-97.7430608,Travis
662,Austin,TX,BE,60000,"('Austin', 'TX')",30.267153,-97.7430608,Travis
663,Lyle,IL,EE,65000,"('Lyle', 'IL')",41.801141,-88.0747875,Dupage
664,Lyle,IL,ME,60000,"('Lyle', 'IL')",41.801141,-88.0747875,Dupage
665,Lyle,IL,ME,60000,"('Lyle', 'IL')",41.801141,-88.0747875,Dupage
666,Lyle,IL,ME,62000,"('Lyle', 'IL')",41.801141,-88.0747875,Dupage
667,Warrenville,IL,ME,60000,"('Warrenville', 'IL')",41.81780699999999,-88.17340209999999,Dupage
668,Cincinnati,OH,SE,62000,"('Cincinnati', 'OH')",39.1031182,-84.5120196,Hamilton
669,Baltimore,MD,EE,64000,"('Baltimore', 'MD')",39.2903848,-76.6121893,US
670,St. Charles,IL,ME,56500,"('St. Charles', 'IL')",41.9141945,-88.3086867,Kane
671,Chicago,IL,BE,85000,"('Chicago', 'IL')",41.8781136,-87.6297982,Cook
672,Indianapolis,IN,CPE,58000,"('Indianapolis', 'IN')",39.768403,-86.158068,Marion
673,Warsaw,IN,BE,50000,"('Warsaw', 'IN')",41.2381,-85.8530469,Kosciusko
674,Osh Kosh,WI,ME,60000,"('Osh Kosh', 'WI')",44.0247062,-88.5426136,Winnebago
675,Osh Kosh,WI,ME,61000,"('Osh Kosh', 'WI')",44.0247062,-88.5426136,Winnebago
676,Cincinnati,OH,CHEM,48500,"('Cincinnati', 'OH')",39.1031182,-84.5120196,Hamilton
677,Beckett Ridge,OH,ME,64000,"('Beckett Ridge', 'OH')",39.3470021,-84.43522039999999,Butler
678,Evansville,IN,ME,62000,"('Evansville', 'IN')",37.9715592,-87.5710898,Vanderburgh
679,Warsaw,IN,BE,50000,"('Warsaw', 'IN')",41.2381,-85.8530469,Kosciusko
680,Cordyn,IN,EE,63000,"('Cordyn', 'IN')",38.2120121,-86.1219155,Harrison
681,Columbus,IN,ME,50000,"('Columbus', 'IN')",39.2014404,-85.9213796,Bartholomew
682,Jupiter,FL,ME,64000,"('Jupiter', 'FL')",26.9342246,-80.0942087,Palm Beach
683,Cleveland,OH,SE,55000,"('Cleveland', 'OH')",41.4994954,-81.6954088,Cuyahoga
684,Chicago,IL,SE,65000,"('Chicago', 'IL')",41.8781136,-87.6297982,Cook
685,Chicago,IL,SE,75000,"('Chicago', 'IL')",41.8781136,-87.6297982,Cook
686,Fort Wayne,IN,EP,60326,"('Fort Wayne', 'IN')",41.079273,-85.1393513,Allen
687,Indianapolis,IN,SE,59000,"('Indianapolis', 'IN')",39.768403,-86.158068,Marion
688,Pendleton,IN,ME,60000,"('Pendleton', 'IN')",39.9975414,-85.7466439,Madison
689,Belleville,MI,ME,60000,"('Belleville', 'MI')",42.2047619,-83.4852133,Wayne
690,Cedar Rapids,IA,CPE,66000,"('Cedar Rapids', 'IA')",41.9778795,-91.6656232,Linn
691,Cedar Rapids,IA,CPE,62000,"('Cedar Rapids', 'IA')",41.9778795,-91.6656232,Linn
692,Cedar Rapids,MI,CPE,60000,"('Cedar Rapids', 'MI')",43.05508589999999,-85.6095757,Kent
693,Cedar Rapids,IA,EE,62000,"('Cedar Rapids', 'IA')",41.9778795,-91.6656232,Linn
694,Cedar Rapids,MI,SE,62000,"('Cedar Rapids', 'MI')",43.05508589999999,-85.6095757,Kent
695,Cedar Rapids,IA,EE,62000,"('Cedar Rapids', 'IA')",41.9778795,-91.6656232,Linn
696,Indianapolis,IN,ME,60000,"('Indianapolis', 'IN')",39.768403,-86.158068,Marion
697,Indianapolis,IN,ME,60000,"('Indianapolis', 'IN')",39.768403,-86.158068,Marion
698,Denver,CO,EE,70000,"('Denver', 'CO')",39.737567,-104.9847179,Denver
699,Houston,TX,ME,58000,"('Houston', 'TX')",29.7601927,-95.36938959999999,Harris
700,Shreveport,LA,ME,65000,"('Shreveport', 'LA')",32.5251516,-93.7501789,Caddo
701,Denver,CO,ME,70000,"('Denver', 'CO')",39.737567,-104.9847179,Denver
702,Bedford,IN,CPE,63000,"('Bedford', 'IN')",38.8611619,-86.4872149,Lawrence
703,Valley Forge,PA,EE,66800,"('Valley Forge', 'PA')",40.0862408,-75.4515302,Chester
704,Orlando,FL,ME,56000,"('Orlando', 'FL')",28.5383355,-81.3792365,Orange
705,Sandiego,CA,ME,64000,"('Sandiego', 'CA')",32.7153292,-117.1572551,San Diego
706,Rochester,NY,CHE,60000,"('Rochester', 'NY')",43.16103,-77.6109219,Monroe
707,Bloomington,IN,MA,52000,"('Bloomington', 'IN')",39.165325,-86.52638569999999,Monroe
708,San Antonio,TX,CS,60000,"('San Antonio', 'TX')",29.4241219,-98.49362819999999,Bexar
709,Brazil,IN,ME,57500,"('Brazil', 'IN')",39.523652,-87.1250154,Clay
710,Dallas,TX,CPE,66500,"('Dallas', 'TX')",32.7801399,-96.80045109999999,Dallas
711,Dallas,TX,CPE,66000,"('Dallas', 'TX')",32.7801399,-96.80045109999999,Dallas
712,Plano,TX,EE,67008,"('Plano', 'TX')",33.0198431,-96.6988856,Collin
713,Indianapolis,IN,SE,60000,"('Indianapolis', 'IN')",39.768403,-86.158068,Marion
714,Warsaw,IN,BE,58000,"('Warsaw', 'IN')",41.2381,-85.8530469,Kosciusko
715,Georgetown,KY,ME,60000,"('Georgetown', 'KY')",38.2097967,-84.55883109999999,Scott
716,Lombard,IL,CHE,65000,"('Lombard', 'IL')",41.8800296,-88.00784349999999,Dupage
717,Chicago,IL,CHE,60000,"('Chicago', 'IL')",41.8781136,-87.6297982,Cook
718,Seymour,IN,OE,65000,"('Seymour', 'IN')",38.9592201,-85.8902547,Jackson
719,Indianapolis,IN,ME,59000,"('Indianapolis', 'IN')",39.768403,-86.158068,Marion
720,Chicago,IL,CPE,54000,"('Chicago', 'IL')",41.8781136,-87.6297982,Cook
721,Chattanooga,TN,CHE,63000,"('Chattanooga', 'TN')",35.0456297,-85.3096801,Hamilton
722,Morristown,TN,CHE,62000,"('Morristown', 'TN')",36.2139814,-83.29489219999999,Hamblen
723,Murpheesboro,TN,ME,60000,"('Murpheesboro', 'TN')",35.8456213,-86.39027,Rutherford
724,Dover,NJ,ME,60000,"('Dover', 'NJ')",40.883988,-74.5621025,Morris
725,Whitehall,MI,ME,65000,"('Whitehall', 'MI')",43.4100107,-86.34867919999999,Muskegon
726,Wichita Falls,TX,ME,60000,"('Wichita Falls', 'TX')",33.9137085,-98.4933873,Wichita
727,Laporte,IN,ME,60000,"('Laporte', 'IN')",41.611143,-86.7227195,Laporte
728,Whitehall,MI,ME,65000,"('Whitehall', 'MI')",43.4100107,-86.34867919999999,Muskegon
729,Whitehall,MI,CHE,66000,"('Whitehall', 'MI')",43.4100107,-86.34867919999999,Muskegon
730,Indianapolis,IN,CS,58000,"('Indianapolis', 'IN')",39.768403,-86.158068,Marion
731,Frankfort,IN,CHE,63000,"('Frankfort', 'IN')",40.2794809,-86.5108355,Clinton
732,Clinton,IA,CHE,63000,"('Clinton', 'IA')",41.8444735,-90.1887379,Clinton
733,Indianapolis,IN,CE,47000,"('Indianapolis', 'IN')",39.768403,-86.158068,Marion
734,Burleson,TX,ME,61000,"('Burleson', 'TX')",32.5420821,-97.3208492,Johnson
735,St. Louis,MO,ME,55000,"('St. Louis', 'MO')",38.6270025,-90.19940419999999,St Louis
736,Cincinnati,OH,ME,48000,"('Cincinnati', 'OH')",39.1031182,-84.5120196,Hamilton
737,Indianapolis,IN,ME,47840,"('Indianapolis', 'IN')",39.768403,-86.158068,Marion
738,Osh Kosh,WI,CHE,63000,"('Osh Kosh', 'WI')",44.0247062,-88.5426136,Winnebago
739,St. Paul,MN,ME,59280,"('St. Paul', 'MN')",44.9537029,-93.0899578,Ramsey
740,Peoria,IL,ME,61800,"('Peoria', 'IL')",40.6936488,-89.5889864,Peoria
741,Peoria,IL,ME,60132,"('Peoria', 'IL')",40.6936488,-89.5889864,Peoria
742,Research Triangle Park,NC,CPE,63750,"('Research Triangle Park', 'NC')",35.8991678,-78.86364019999999,Durham
743,Raleigh,NC,CPE,62000,"('Raleigh', 'NC')",35.7795897,-78.6381787,Wake
744,Colorado Springs,CO,CHE,66000,"('Colorado Springs', 'CO')",38.8338816,-104.8213634,El Paso
745,Louisville,KY,CS,62500,"('Louisville', 'KY')",38.2526647,-85.7584557,Jefferson
746,Louisville,KY,SE,62000,"('Louisville', 'KY')",38.2526647,-85.7584557,Jefferson
747,Houston,TX,CHE,80400,"('Houston', 'TX')",29.7601927,-95.36938959999999,Harris
748,Indianapolis,IN,CHE,62400,"('Indianapolis', 'IN')",39.768403,-86.158068,Marion
749,Indianapolis,IN,CE,50000,"('Indianapolis', 'IN')",39.768403,-86.158068,Marion
750,Columbus,IN,ME,58500,"('Columbus', 'IN')",39.2014404,-85.9213796,Bartholomew
751,Columbus,IN,ME,58500,"('Columbus', 'IN')",39.2014404,-85.9213796,Bartholomew
752,Columbus,IN,ME,63000,"('Columbus', 'IN')",39.2014404,-85.9213796,Bartholomew
753,Hawesville,KY,CHE,59000,"('Hawesville', 'KY')",37.9000554,-86.754988,Hancock
754,Midland,MI,CHE,66228,"('Midland', 'MI')",43.6155825,-84.2472116,Midland
755,Freeport,TX,ME,68000,"('Freeport', 'TX')",28.9541368,-95.35966169999999,Brazoria
756,Michigan City,IN,ME,52200,"('Michigan City', 'IN')",41.70753939999999,-86.8950297,Laporte
757,Denver,CO,CPE,74000,"('Denver', 'CO')",39.737567,-104.9847179,Denver
758,Richland,WA,CPE,57000,"('Richland', 'WA')",46.2856907,-119.2844621,Benton
759,Madison,WI,CPE,55000,"('Madison', 'WI')",43.0730517,-89.4012302,Dane
760,Madison,WI,ME,55000,"('Madison', 'WI')",43.0730517,-89.4012302,Dane
761,Indianapolis,IN,CS,55000,"('Indianapolis', 'IN')",39.768403,-86.158068,Marion
762,Indianapolis,IN,ME,45000,"('Indianapolis', 'IN')",39.768403,-86.158068,Marion
763,Houston,TX,CE,88000,"('Houston', 'TX')",29.7601927,-95.36938959999999,Harris
764,Indianapolis,IN,BE,50000,"('Indianapolis', 'IN')",39.768403,-86.158068,Marion
765,Martinsville,IN,ME,38000,"('Martinsville', 'IN')",39.42782529999999,-86.4283279,Morgan
766,Chicago,IL,CHE,55800,"('Chicago', 'IL')",41.8781136,-87.6297982,Cook
767,Bakersfield,CA,BE,65000,"('Bakersfield', 'CA')",35.3732921,-119.0187125,Kern
768,Kansas City,KS,CS,58000,"('Kansas City', 'KS')",39.114053,-94.6274636,Wyandotte
769,Cincinnati,OH,ME,60000,"('Cincinnati', 'OH')",39.1031182,-84.5120196,Hamilton
770,Cincinnati,OH,ME,60000,"('Cincinnati', 'OH')",39.1031182,-84.5120196,Hamilton
771,Cincinnati,OH,ME,60000,"('Cincinnati', 'OH')",39.1031182,-84.5120196,Hamilton
772,Indianapolis,IN,CE,47840,"('Indianapolis', 'IN')",39.768403,-86.158068,Marion
773,Santa Barbara,CA,CPE,85000,"('Santa Barbara', 'CA')",34.4208305,-119.6981901,Santa Barbara
774,Decatur,IL,CE,54000,"('Decatur', 'IL')",39.8403147,-88.9548001,Macon
775,Carmichaels,PA,CE,50400,"('Carmichaels', 'PA')",39.89674249999999,-79.9744992,Greene
776,Rock Springs,WY,CHE,50400,"('Rock Springs', 'WY')",41.58746439999999,-109.2029043,Sweetwater
777,Hobbs,NM,CHE,50400,"('Hobbs', 'NM')",32.7026116,-103.1360403,Lea
778,Duncan,OK,ME,56800,"('Duncan', 'OK')",34.5023028,-97.9578128,Stephens
779,Grand Junction,CO,ME,50400,"('Grand Junction', 'CO')",39.0638705,-108.5506486,Mesa
780,Dallas,TX,ME,50000,"('Dallas', 'TX')",32.7801399,-96.80045109999999,Dallas
781,Indianapolis,IN,CE,48000,"('Indianapolis', 'IN')",39.768403,-86.158068,Marion
782,Phoenix,AZ,CE,54000,"('Phoenix', 'AZ')",33.4483771,-112.0740373,Maricopa
783,Indianapolis,IN,CE,50400,"('Indianapolis', 'IN')",39.768403,-86.158068,Marion
784,Idaho Falls,ID,MA,54000,"('Idaho Falls', 'ID')",43.49165139999999,-112.0339645,Bonneville
785,Indianapolis,IN,ME,63000,"('Indianapolis', 'IN')",39.768403,-86.158068,Marion
786,Indianapolis,IN,CS,45000,"('Indianapolis', 'IN')",39.768403,-86.158068,Marion
787,Hudson,MA,CHE,65800,"('Hudson', 'MA')",42.39173599999999,-71.56613899999999,Middlesex
788,Indianapolis,IN,CS,65000,"('Indianapolis', 'IN')",39.768403,-86.158068,Marion
789,Indianapolis,IN,CS,65000,"('Indianapolis', 'IN')",39.768403,-86.158068,Marion
790,Indianapolis,IN,CS,65000,"('Indianapolis', 'IN')",39.768403,-86.158068,Marion
791,Indianapolis,IN,SE,65000,"('Indianapolis', 'IN')",39.768403,-86.158068,Marion
792,Indianapolis,IN,SE,65000,"('Indianapolis', 'IN')",39.768403,-86.158068,Marion
793,Merrillville,IN,ME,53000,"('Merrillville', 'IN')",41.4828144,-87.33281389999999,Lake
794,Columbus,IN,CE,48000,"('Columbus', 'IN')",39.2014404,-85.9213796,Bartholomew
795,Skillman,NJ,CHE,65000,"('Skillman', 'NJ')",40.4201165,-74.7146817,Somerset
796,Glen??,IL,CHE,61000,"('Glen??', 'IL')",42.0769601,-88.1523157,Cook
797,Florham Park,NJ,EE,80000,"('Florham Park', 'NJ')",40.787878,-74.3882072,Morris
798,Indianapolis,IN,ME,55000,"('Indianapolis', 'IN')",39.768403,-86.158068,Marion
799,Sterling,VA,EE,70000,"('Sterling', 'VA')",39.0066993,-77.4291298,Loudoun
800,Zeeland,MI,CHE,56000,"('Zeeland', 'MI')",42.8125246,-86.01865099999999,Ottawa
801,Indianapolis,IN,CE,48000,"('Indianapolis', 'IN')",39.768403,-86.158068,Marion
802,Phoenix,AZ,EE,61000,"('Phoenix', 'AZ')",33.4483771,-112.0740373,Maricopa
803,Redmond,WA,CS,80000,"('Redmond', 'WA')",47.6739881,-122.121512,King
804,Redmond,WA,CS,80000,"('Redmond', 'WA')",47.6739881,-122.121512,King
805,Fairfax,VA,EE,82160,"('Fairfax', 'VA')",38.84622359999999,-77.30637329999999,US
806,Washington,DC,ME,53992,"('Washington', 'DC')",38.90723089999999,-77.0364641,District of Columbia
807,Virginia Beach,VA,MA,55844,"('Virginia Beach', 'VA')",36.8529263,-75.97798499999999,US
808,Crane,IN,EE,56500,"('Crane', 'IN')",38.8911588,-86.90389379999999,Martin
809,Virginia Beach,VA,EE,55844,"('Virginia Beach', 'VA')",36.8529263,-75.97798499999999,US
810,Virginia Beach,VA,EE,56844,"('Virginia Beach', 'VA')",36.8529263,-75.97798499999999,US
811,Whiting,WI,CHE,64000,"('Whiting', 'WI')",44.4935795,-89.55872920000002,Portage
812,Steven's Point,WI,ME,62000,"(""Steven's Point"", 'WI')",44.52357920000001,-89.574563,Portage
813,Salem,IN,CPE,59000,"('Salem', 'IN')",38.6056131,-86.101089,Washington
814,Cincinnati,OH,CPE,62500,"('Cincinnati', 'OH')",39.1031182,-84.5120196,Hamilton
815,Orlando,FL,ME,64500,"('Orlando', 'FL')",28.5383355,-81.3792365,Orange
816,Bloomington,IN,CPE,56000,"('Bloomington', 'IN')",39.165325,-86.52638569999999,Monroe
817,Fort Meade,MD,EE,56657,"('Fort Meade', 'MD')",39.1137602,-76.7267773,Anne Arundel
818,Toledo,OH,ME,55500,"('Toledo', 'OH')",41.6639383,-83.55521200000001,Lucas
819,Brazil,IN,CHE,65000,"('Brazil', 'IN')",39.523652,-87.1250154,Clay
820,Indianapolis,IN,CE,40000,"('Indianapolis', 'IN')",39.768403,-86.158068,Marion
821,New Hudson,MI,BE,50000,"('New Hudson', 'MI')",42.5108667,-83.61549470000001,Oakland
822,Indianapolis,IN,CHE,61200,"('Indianapolis', 'IN')",39.768403,-86.158068,Marion
823,Cincinnati,OH,CHE,68000,"('Cincinnati', 'OH')",39.1031182,-84.5120196,Hamilton
824,Cape Giradeaux,MO,CHE,62500,"('Cape Giradeaux', 'MO')",37.3058839,-89.51814759999999,Cape Girardeau
825,Indianapolis,IN,ME,59000,"('Indianapolis', 'IN')",39.768403,-86.158068,Marion
826,Indianapolis,IN,CS,45000,"('Indianapolis', 'IN')",39.768403,-86.158068,Marion
827,Indianapolis,IN,CE,46280,"('Indianapolis', 'IN')",39.768403,-86.158068,Marion
828,Tucson,AZ,EE,67000,"('Tucson', 'AZ')",32.2217429,-110.926479,Pima
829,Tucson,AZ,EE,67000,"('Tucson', 'AZ')",32.2217429,-110.926479,Pima
830,Baltimore,MD,CE,54100,"('Baltimore', 'MD')",39.2903848,-76.6121893,US
831,Cedar Rapids,IA,EE,55000,"('Cedar Rapids', 'IA')",41.9778795,-91.6656232,Linn
832,Cedar Rapids,IA,EE,56000,"('Cedar Rapids', 'IA')",41.9778795,-91.6656232,Linn
833,Cedar Rapids,IA,EE,56500,"('Cedar Rapids', 'IA')",41.9778795,-91.6656232,Linn
834,Cedar Rapids,IA,EE,59000,"('Cedar Rapids', 'IA')",41.9778795,-91.6656232,Linn
835,Cedar Rapids,IA,ME,60000,"('Cedar Rapids', 'IA')",41.9778795,-91.6656232,Linn
836,Cedar Rapids,IA,ME,58000,"('Cedar Rapids', 'IA')",41.9778795,-91.6656232,Linn
837,Cedar Rapids,IA,ME,59000,"('Cedar Rapids', 'IA')",41.9778795,-91.6656232,Linn
838,Indianapolis,IN,ME,60000,"('Indianapolis', 'IN')",39.768403,-86.158068,Marion
839,Indianapolis,IN,ME,60000,"('Indianapolis', 'IN')",39.768403,-86.158068,Marion
840,Indianapolis,IN,ME,60000,"('Indianapolis', 'IN')",39.768403,-86.158068,Marion
841,Indianapolis,IN,CE,44000,"('Indianapolis', 'IN')",39.768403,-86.158068,Marion
842,Chicago,IL,ME,59508,"('Chicago', 'IL')",41.8781136,-87.6297982,Cook
843,Balikpapan,INDONESIA,CHE,57600,"('Balikpapan', 'INDONESIA')",-1.2697669,116.8361715,Balikpapan
844,Conway,AR,CHE,67000,"('Conway', 'AR')",35.0886963,-92.4421011,Faulkner
845,Carmel,IN,CS,53000,"('Carmel', 'IN')",39.978371,-86.1180435,Hamilton
846,Carmel,IN,CS,53000,"('Carmel', 'IN')",39.978371,-86.1180435,Hamilton
847,Orlando,FL,ME,55825,"('Orlando', 'FL')",28.5383355,-81.3792365,Orange
848,Carmel,IN,SE,53000,"('Carmel', 'IN')",39.978371,-86.1180435,Hamilton
849,Jupiter,FL,ME,64000,"('Jupiter', 'FL')",26.9342246,-80.0942087,Palm Beach
850,Mcgregor,TX,ME,66500,"('Mcgregor', 'TX')",31.4440557,-97.4091792,McLennan
851,Mcgregor,TX,ME,66500,"('Mcgregor', 'TX')",31.4440557,-97.4091792,McLennan
852,Houston,TX,ME,60000,"('Houston', 'TX')",29.7601927,-95.36938959999999,Harris
853,Athens,OH,ME,50000,"('Athens', 'OH')",39.3292396,-82.1012554,Athens
854,Dallas,TX,CPE,62100,"('Dallas', 'TX')",32.7801399,-96.80045109999999,Dallas
855,Dallas,TX,EE,62100,"('Dallas', 'TX')",32.7801399,-96.80045109999999,Dallas
856,Dallas,TX,EE,65040,"('Dallas', 'TX')",32.7801399,-96.80045109999999,Dallas
857,Dallas,TX,ME,60000,"('Dallas', 'TX')",32.7801399,-96.80045109999999,Dallas
858,Dallas,TX,ME,65000,"('Dallas', 'TX')",32.7801399,-96.80045109999999,Dallas
859,Richland,MI,ME,52000,"('Richland', 'MI')",42.3761504,-85.45500539999999,Kalamazoo
860,Terre Haute,IN,ME,55000,"('Terre Haute', 'IN')",39.4667034,-87.41390919999999,Vigo
861,Danville,IL,ME,63000,"('Danville', 'IL')",40.124481,-87.6300207,Vermilion
862,Canton,OH,ME,57480,"('Canton', 'OH')",40.79894729999999,-81.378447,Stark
863,Terre Haute,IN,CHE,63500,"('Terre Haute', 'IN')",39.4667034,-87.41390919999999,Vigo
864,Indianapolis,IN,CE,50443,"('Indianapolis', 'IN')",39.768403,-86.158068,Marion
865,Louisville,KY,AB,24500,"('Louisville', 'KY')",38.2526647,-85.7584557,Jefferson
866,Chicago,IL,CHE,66000,"('Chicago', 'IL')",41.8781136,-87.6297982,Cook
867,Jamestown,KY,CE,44176,"('Jamestown', 'KY')",36.9847899,-85.06300999999999,Russell
868,Boston,MA,SE,56400,"('Boston', 'MA')",42.3584308,-71.0597732,Suffolk
869,Tampa,FL,ME,45000,"('Tampa', 'FL')",27.950575,-82.4571776,Hillsborough
870,Houston,TX,CHE,64000,"('Houston', 'TX')",29.7601927,-95.36938959999999,Harris
871,Farmington Hills,MI,SE,55000,"('Farmington Hills', 'MI')",42.4989936,-83.3677168,Oakland
872,Cedar Rapids,IA,CHE,63000,"('Cedar Rapids', 'IA')",41.9778795,-91.6656232,Linn
873,Decatur,IL,CHE,63000,"('Decatur', 'IL')",39.8403147,-88.9548001,Macon
874,Frankfort,IN,ME,59004,"('Frankfort', 'IN')",40.2794809,-86.5108355,Clinton
875,Dayton,OH,EE,42000,"('Dayton', 'OH')",39.7589478,-84.1916069,Montgomery
876,Merrillville,IN,ME,53000,"('Merrillville', 'IN')",41.4828144,-87.33281389999999,Lake
877,Indianapolis,IN,BE,65000,"('Indianapolis', 'IN')",39.768403,-86.158068,Marion
878,Cleveland,OH,ME,57500,"('Cleveland', 'OH')",41.4994954,-81.6954088,Cuyahoga
879,Cleveland,OH,ME,58000,"('Cleveland', 'OH')",41.4994954,-81.6954088,Cuyahoga
880,Indianapolis,IN,CPE,62000,"('Indianapolis', 'IN')",39.768403,-86.158068,Marion
881,Indianapolis,IN,EE,62000,"('Indianapolis', 'IN')",39.768403,-86.158068,Marion
882,Northbrook,IL,MA,52000,"('Northbrook', 'IL')",42.1275267,-87.82895479999999,Cook
883,Northbrook,IL,MA ECON,54750,"('Northbrook', 'IL')",42.1275267,-87.82895479999999,Cook
884,Boulder,CO,SE,55000,"('Boulder', 'CO')",40.0149856,-105.2705456,Boulder
885,Indianapolis,IN,CE,57192,"('Indianapolis', 'IN')",39.768403,-86.158068,Marion
886,Indianapolis,IN,CS,58000,"('Indianapolis', 'IN')",39.768403,-86.158068,Marion
887,Indianapolis,IN,SE,56000,"('Indianapolis', 'IN')",39.768403,-86.158068,Marion
888,Riverdale,IL,ME,59800,"('Riverdale', 'IL')",41.63336779999999,-87.6331021,Cook
889,Fosteria,OH,CHE,63000,"('Fosteria', 'OH')",41.156998,-83.41687019999999,Seneca
890,Memphis,TN,CHE,63000,"('Memphis', 'TN')",35.1495343,-90.0489801,Shelby
891,Marshall,MN,CHE,63000,"('Marshall', 'MN')",44.448423,-95.79119159999999,Lyon
892,Austin,TX,CPE,59000,"('Austin', 'TX')",30.267153,-97.7430608,Travis
893,Indianapolis,IN,BE,59000,"('Indianapolis', 'IN')",39.768403,-86.158068,Marion
894,Indianapolis,IN,ME,59000,"('Indianapolis', 'IN')",39.768403,-86.158068,Marion
895,Osh Kosh,WI,CHE,63500,"('Osh Kosh', 'WI')",44.0247062,-88.5426136,Winnebago
896,Pittsburgh,PA,EE,59500,"('Pittsburgh', 'PA')",40.44062479999999,-79.9958864,Allegheny
897,Charleston,SC,ME,58800,"('Charleston', 'SC')",32.7765656,-79.93092159999999,Charleston
898,Greenfield,IN,ME,53000,"('Greenfield', 'IN')",39.785043,-85.7694226,Hancock
899,Carmel,IN,SE,42000,"('Carmel', 'IN')",39.978371,-86.1180435,Hamilton
900,Carmel,IN,SE,42000,"('Carmel', 'IN')",39.978371,-86.1180435,Hamilton
901,Spartanburg,SC,EE,57000,"('Spartanburg', 'SC')",34.9495672,-81.9320482,Spartanburg
902,Spencer,IN,BE,55000,"('Spencer', 'IN')",39.2867117,-86.7625058,Owen
903,St. Paul,MN,CPE,62400,"('St. Paul', 'MN')",44.9537029,-93.0899578,Ramsey
904,St. Paul,MN,EE,62500,"('St. Paul', 'MN')",44.9537029,-93.0899578,Ramsey
905,Kansas City,MO,CHE,54500,"('Kansas City', 'MO')",39.0997265,-94.5785667,Jackson
906,Kansas City,MO,CHE,56000,"('Kansas City', 'MO')",39.0997265,-94.5785667,Jackson
907,Kansas City,MO,CHE,61000,"('Kansas City', 'MO')",39.0997265,-94.5785667,Jackson
908,Kansas City,MO,ME,50500,"('Kansas City', 'MO')",39.0997265,-94.5785667,Jackson
909,Kansas City,MO,ME,50500,"('Kansas City', 'MO')",39.0997265,-94.5785667,Jackson
910,Chicago,IL,ME,63000,"('Chicago', 'IL')",41.8781136,-87.6297982,Cook
911,Mossville,IL,CPE,61500,"('Mossville', 'IL')",40.8171184,-89.5679474,Peoria
912,Peoria,IL,CPE,65600,"('Peoria', 'IL')",40.6936488,-89.5889864,Peoria
913,Peoria,IL,ME,61500,"('Peoria', 'IL')",40.6936488,-89.5889864,Peoria
914,Houston,TX,ME,74400,"('Houston', 'TX')",29.7601927,-95.36938959999999,Harris
915,Terre Haute,IN,ME,78000,"('Terre Haute', 'IN')",39.4667034,-87.41390919999999,Vigo
916,Crane,IN,OE,53000,"('Crane', 'IN')",38.8911588,-86.90389379999999,Martin
917,Columbus,IN,CPE,59000,"('Columbus', 'IN')",39.2014404,-85.9213796,Bartholomew
918,Columbus,IN,ME,58500,"('Columbus', 'IN')",39.2014404,-85.9213796,Bartholomew
919,Columbus,IN,ME,58500,"('Columbus', 'IN')",39.2014404,-85.9213796,Bartholomew
920,Columbus,IN,ME,58500,"('Columbus', 'IN')",39.2014404,-85.9213796,Bartholomew
921,Minster,OH,CHE,55000,"('Minster', 'OH')",40.3931033,-84.3760612,Auglaize
922,Houston,TX,ME,58500,"('Houston', 'TX')",29.7601927,-95.36938959999999,Harris
923,Kokomo,IN,CPE,60500,"('Kokomo', 'IN')",40.486427,-86.13360329999999,Howard
924,Indianapolis,IN,CHE,60000,"('Indianapolis', 'IN')",39.768403,-86.158068,Marion
925,Indianapolis,IN,ME,60000,"('Indianapolis', 'IN')",39.768403,-86.158068,Marion
926,Midland,MI,CHE,62500,"('Midland', 'MI')",43.6155825,-84.2472116,Midland
927,Midland,MI,CHE,67512,"('Midland', 'MI')",43.6155825,-84.2472116,Midland
928,Edwardsport,IN,EE,59000,"('Edwardsport', 'IN')",38.811991,-87.2522367,Knox
929,O'Fallon,IL,EE,60000,"(""O'Fallon"", 'IL')",38.592323,-89.910991,St Clair
930,O'Fallon,IL,ME,60000,"(""O'Fallon"", 'IL')",38.592323,-89.910991,St Clair
931,Madison,WI,CPE,63000,"('Madison', 'WI')",43.0730517,-89.4012302,Dane
932,Madison,WI,CS,60000,"('Madison', 'WI')",43.0730517,-89.4012302,Dane
933,Madison,WI,SE,65000,"('Madison', 'WI')",43.0730517,-89.4012302,Dane
934,Indianapolis,IN,SE,44000,"('Indianapolis', 'IN')",39.768403,-86.158068,Marion
935,Houston,TX,ME,63000,"('Houston', 'TX')",29.7601927,-95.36938959999999,Harris
936,Beaumont,TX,EE,92000,"('Beaumont', 'TX')",30.080174,-94.1265562,Jefferson
937,Fairfax,VA,CE,87000,"('Fairfax', 'VA')",38.84622359999999,-77.30637329999999,US
938,Houston,TX,CHE,87000,"('Houston', 'TX')",29.7601927,-95.36938959999999,Harris
939,Houston,TX,CHE,89000,"('Houston', 'TX')",29.7601927,-95.36938959999999,Harris
940,Houston,TX,EE,88000,"('Houston', 'TX')",29.7601927,-95.36938959999999,Harris
941,Fairfax,VA,ME,87000,"('Fairfax', 'VA')",38.84622359999999,-77.30637329999999,US
942,Houston,TX,ME,88000,"('Houston', 'TX')",29.7601927,-95.36938959999999,Harris
943,Los Angeles,CA,CE,65000,"('Los Angeles', 'CA')",34.0522342,-118.2436849,Los Angeles
944,Bakersfield,CA,CPE,65000,"('Bakersfield', 'CA')",35.3732921,-119.0187125,Kern
945,Olathe,KS,CPE,58000,"('Olathe', 'KS')",38.8813958,-94.81912849999999,Johnson
946,Olathe,KS,EE,58000,"('Olathe', 'KS')",38.8813958,-94.81912849999999,Johnson
947,Terre Haute,IN,CE,48000,"('Terre Haute', 'IN')",39.4667034,-87.41390919999999,Vigo
948,Cincinnati,OH,ME,61000,"('Cincinnati', 'OH')",39.1031182,-84.5120196,Hamilton
949,Louisville,KY,ME,59500,"('Louisville', 'KY')",38.2526647,-85.7584557,Jefferson
950,Marshall,TX,CHE,60000,"('Marshall', 'TX')",32.5448714,-94.36741839999999,Harrison
951,Highland Heights,KY,EE,62000,"('Highland Heights', 'KY')",39.0331169,-84.4518854,Campbell
952,Indianapolis,IN,ME,60000,"('Indianapolis', 'IN')",39.768403,-86.158068,Marion
953,Knoxville,TN,CE,48000,"('Knoxville', 'TN')",35.9606384,-83.9207392,Knox
954,Buffalo Grove,IL,ME,40000,"('Buffalo Grove', 'IL')",42.1662831,-87.9631308,Cook
955,Pampa,TX,CHE,50000,"('Pampa', 'TX')",35.5361559,-100.9598709,Gray
956,Odessa,TX,ME,56400,"('Odessa', 'TX')",31.8456816,-102.3676431,Ector
957,Batesville,IN,BE,52000,"('Batesville', 'IN')",39.3000511,-85.222184,Ripley
958,Indianapolis,IN,CHE,50086,"('Indianapolis', 'IN')",39.768403,-86.158068,Marion
959,Chicago,IL,CHE,66000,"('Chicago', 'IL')",41.8781136,-87.6297982,Cook
960,Chicago,IL,CHE,66000,"('Chicago', 'IL')",41.8781136,-87.6297982,Cook
961,Westford,MA,SE,68000,"('Westford', 'MA')",42.5792583,-71.4378411,Middlesex
962,Lexington,KY,ME,58000,"('Lexington', 'KY')",38.0405837,-84.5037164,Fayette
963,Indianapolis,IN,CS,65000,"('Indianapolis', 'IN')",39.768403,-86.158068,Marion
964,Indianapolis,IN,CS,65500,"('Indianapolis', 'IN')",39.768403,-86.158068,Marion
965,Indianapolis,IN,SE,65000,"('Indianapolis', 'IN')",39.768403,-86.158068,Marion
966,Pittsburgh,PA,OE,54000,"('Pittsburgh', 'PA')",40.44062479999999,-79.9958864,Allegheny
967,Milford,OH,ME,56160,"('Milford', 'OH')",39.1753377,-84.29438209999999,Clermont
968,Baltimore,MD,CE,50100,"('Baltimore', 'MD')",39.2903848,-76.6121893,US
969,Vero Beach,FL,CE,50000,"('Vero Beach', 'FL')",27.6386434,-80.39727359999999,Indian River
970,Vero Beach,FL,CE,50000,"('Vero Beach', 'FL')",27.6386434,-80.39727359999999,Indian River
971,Lexington,KY,CPE,65000,"('Lexington', 'KY')",38.0405837,-84.5037164,Fayette
972,Lexington,KY,ME,60000,"('Lexington', 'KY')",38.0405837,-84.5037164,Fayette
973,Lexington,KY,ME,60000,"('Lexington', 'KY')",38.0405837,-84.5037164,Fayette
974,Warsau,WI,CS,53000,"('Warsau', 'WI')",44.9591352,-89.6301221,Marathon
975,Coopersburg,PA,CPE,62000,"('Coopersburg', 'PA')",40.5114885,-75.390458,Lehigh
976,Findlay,OH,CE,73000,"('Findlay', 'OH')",41.04422,-83.6499321,Hancock
977,Garyville,LA,CHE,77000,"('Garyville', 'LA')",30.056035,-90.6192554,St John the Baptist
978,Robinson,IL,CHE,77000,"('Robinson', 'IL')",39.0053201,-87.7391935,Crawford
979,Indianapolis,IN,CE,54000,"('Indianapolis', 'IN')",39.768403,-86.158068,Marion
980,Indianapolis,IN,CE,54000,"('Indianapolis', 'IN')",39.768403,-86.158068,Marion
981,Norfolk,VA,CE,53500,"('Norfolk', 'VA')",36.8507689,-76.28587259999999,US
982,Walnut Creek,CA,CE,54080,"('Walnut Creek', 'CA')",37.9100783,-122.0651819,Contra Costa
983,Indianapolis,IN,EE,56500,"('Indianapolis', 'IN')",39.768403,-86.158068,Marion
984,Austin,TX,CPE,60000,"('Austin', 'TX')",30.267153,-97.7430608,Travis
985,Austin,TX,CPE,62000,"('Austin', 'TX')",30.267153,-97.7430608,Travis
986,Virginia Beach,VA,CPE,54879,"('Virginia Beach', 'VA')",36.8529263,-75.97798499999999,US
987,Wickliffe,KY,CHE,64000,"('Wickliffe', 'KY')",36.9647754,-89.0892348,Ballard
988,Pittsburgh,PA,CE,49800,"('Pittsburgh', 'PA')",40.44062479999999,-79.9958864,Allegheny
989,West Terre Haute,IN,CHE,59500,"('West Terre Haute', 'IN')",39.4650363,-87.45002099999999,Vigo
990,Baltimore,MD,EE,64000,"('Baltimore', 'MD')",39.2903848,-76.6121893,US
991,Baltimore,MD,CPE,63000,"('Baltimore', 'MD')",39.2903848,-76.6121893,US
992,Woodland Hills,CA,ME,66780,"('Woodland Hills', 'CA')",34.165357,-118.6089752,Los Angeles
993,Baltimore,MD,CPE,61200,"('Baltimore', 'MD')",39.2903848,-76.6121893,US
994,Cincinnati,OH,SE,63700,"('Cincinnati', 'OH')",39.1031182,-84.5120196,Hamilton
995,Baltimore,MD,CPE,63600,"('Baltimore', 'MD')",39.2903848,-76.6121893,US
996,Crane,IN,EE,53012,"('Crane', 'IN')",38.8911588,-86.90389379999999,Martin
997,Crane,IN,ME,48960,"('Crane', 'IN')",38.8911588,-86.90389379999999,Martin
998,Crane,IN,ME,54879,"('Crane', 'IN')",38.8911588,-86.90389379999999,Martin
999,Crane,IN,OE,54875,"('Crane', 'IN')",38.8911588,-86.90389379999999,Martin
1000,Virginia Beach,VA,CPE,54500,"('Virginia Beach', 'VA')",36.8529263,-75.97798499999999,US
1001,Virginia Beach,VA,CPE,54800,"('Virginia Beach', 'VA')",36.8529263,-75.97798499999999,US
1002,Virginia Beach,VA,CPE,54000,"('Virginia Beach', 'VA')",36.8529263,-75.97798499999999,US
1003,Waterloo,IN,CE,44000,"('Waterloo', 'IN')",41.4319946,-85.0199666,Dekalb
1004,Fishers,IN,CPE,52000,"('Fishers', 'IN')",39.9567548,-86.01335,Hamilton
1005,Indianapolis,IN,BE,50000,"('Indianapolis', 'IN')",39.768403,-86.158068,Marion
1006,Jupiter,FL,ME,64000,"('Jupiter', 'FL')",26.9342246,-80.0942087,Palm Beach
1007,Jupiter,FL,ME,64000,"('Jupiter', 'FL')",26.9342246,-80.0942087,Palm Beach
1008,Jupiter,FL,ME,64000,"('Jupiter', 'FL')",26.9342246,-80.0942087,Palm Beach
1009,Avenel,NJ,CHE,64500,"('Avenel', 'NJ')",40.5803818,-74.28514690000002,Middlesex
1010,Alexandria,LA,EE,63000,"('Alexandria', 'LA')",31.3112936,-92.4451371,Rapides
1011,Cincinnati,OH,ME,63000,"('Cincinnati', 'OH')",39.1031182,-84.5120196,Hamilton
1012,Jupiter,FL,ME,64000,"('Jupiter', 'FL')",26.9342246,-80.0942087,Palm Beach
1013,Indianapolis,IN,CPE,57700,"('Indianapolis', 'IN')",39.768403,-86.158068,Marion
1014,Fort Wayne,IN,CPE,58500,"('Fort Wayne', 'IN')",41.079273,-85.1393513,Allen
1015,Fort Wayne,IN,EE,58800,"('Fort Wayne', 'IN')",41.079273,-85.1393513,Allen
1016,Indianapolis,IN,EE,64000,"('Indianapolis', 'IN')",39.768403,-86.158068,Marion
1017,Fort Wayne,IN,ME,59800,"('Fort Wayne', 'IN')",41.079273,-85.1393513,Allen
1018,Tucson,AZ,ME,62000,"('Tucson', 'AZ')",32.2217429,-110.926479,Pima
1019,Woburn,MA,ME,64000,"('Woburn', 'MA')",42.4792618,-71.1522765,Middlesex
1020,Tucson,AZ,ME,62950,"('Tucson', 'AZ')",32.2217429,-110.926479,Pima
1021,Fort Wayne,IN,CPE,58500,"('Fort Wayne', 'IN')",41.079273,-85.1393513,Allen
1022,Indianapolis,IN,ME,59000,"('Indianapolis', 'IN')",39.768403,-86.158068,Marion
1023,Indianapolis,IN,SE,55000,"('Indianapolis', 'IN')",39.768403,-86.158068,Marion
1024,Chicago,IL,CPE,63000,"('Chicago', 'IL')",41.8781136,-87.6297982,Cook
1025,Chicago,IL,ME,60000,"('Chicago', 'IL')",41.8781136,-87.6297982,Cook
1026,Tucson,AZ,EE,69900,"('Tucson', 'AZ')",32.2217429,-110.926479,Pima
1027,Cedar Rapids,IA,EE,59600,"('Cedar Rapids', 'IA')",41.9778795,-91.6656232,Linn
1028,Cedar Rapids,IA,CPE,55500,"('Cedar Rapids', 'IA')",41.9778795,-91.6656232,Linn
1029,Cedar Rapids,IA,SE,57500,"('Cedar Rapids', 'IA')",41.9778795,-91.6656232,Linn
1030,Indianapolis,IN,ME,58500,"('Indianapolis', 'IN')",39.768403,-86.158068,Marion
1031,Indianapolis,IN,ME,58500,"('Indianapolis', 'IN')",39.768403,-86.158068,Marion
1032,Indianapolis,IN,CE,48000,"('Indianapolis', 'IN')",39.768403,-86.158068,Marion
1033,Indianapolis,IN,CE,48000,"('Indianapolis', 'IN')",39.768403,-86.158068,Marion
1034,Shippensburg,PA,BE,55000,"('Shippensburg', 'PA')",40.0506453,-77.5202647,Cumberland
1035,Baltimore,MD,EE,57000,"('Baltimore', 'MD')",39.2903848,-76.6121893,US
1036,Carmel,IN,SE,54500,"('Carmel', 'IN')",39.978371,-86.1180435,Hamilton
1037,Orlando,FL,ME,54323,"('Orlando', 'FL')",28.5383355,-81.3792365,Orange
1038,Miami,FL,ME,53575,"('Miami', 'FL')",25.7889689,-80.2264393,Miami-Dade
1039,Orlando,FL,ME,56575,"('Orlando', 'FL')",28.5383355,-81.3792365,Orange
1040,Houston,TX,ME,58000,"('Houston', 'TX')",29.7601927,-95.36938959999999,Harris
1041,Terre Haute,IN,CPE,48000,"('Terre Haute', 'IN')",39.4667034,-87.41390919999999,Vigo
1042,Carmel,IN,CS,53000,"('Carmel', 'IN')",39.978371,-86.1180435,Hamilton
1043,San Diego,CA,ME,64000,"('San Diego', 'CA')",32.7153292,-117.1572551,San Diego
1044,San Antonio,TX,ME,58000,"('San Antonio', 'TX')",29.4241219,-98.49362819999999,Bexar
1045,San Antonio,TX,CPE,60000,"('San Antonio', 'TX')",29.4241219,-98.49362819999999,Bexar
1046,San Antonio,TX,EE,58500,"('San Antonio', 'TX')",29.4241219,-98.49362819999999,Bexar
1047,San Antonio,TX,MA,58000,"('San Antonio', 'TX')",29.4241219,-98.49362819999999,Bexar
1048,Indianapolis,IN,BE,63500,"('Indianapolis', 'IN')",39.768403,-86.158068,Marion
1049,Columbus,IN,CHE,51500,"('Columbus', 'IN')",39.2014404,-85.9213796,Bartholomew
1050,Mahwah,NJ,BE,62000,"('Mahwah', 'NJ')",41.0886216,-74.1435843,Bergen
1051,Athens,OH,EP,50000,"('Athens', 'OH')",39.3292396,-82.1012554,Athens
1052,San Antonio,TX,CPE,59000,"('San Antonio', 'TX')",29.4241219,-98.49362819999999,Bexar
1053,San Antonio,TX,SE,58500,"('San Antonio', 'TX')",29.4241219,-98.49362819999999,Bexar
1054,Decatur,IL,CHE,64000,"('Decatur', 'IL')",39.8403147,-88.9548001,Macon
1055,Bloomington,IN,EE,56000,"('Bloomington', 'IN')",39.165325,-86.52638569999999,Monroe
1056,Kansas City,MO,EE,52000,"('Kansas City', 'MO')",39.0997265,-94.5785667,Jackson
1057,Houston,TX,EE,61200,"('Houston', 'TX')",29.7601927,-95.36938959999999,Harris
1058,Dallas,TX,EE,65000,"('Dallas', 'TX')",32.7801399,-96.80045109999999,Dallas
1059,Indianapolis,IN,CPE,55000,"('Indianapolis', 'IN')",39.768403,-86.158068,Marion
1060,Erlanger,KY,ME,54000,"('Erlanger', 'KY')",39.0167275,-84.60077729999999,Kenton
1061,Erlanger,KY,ME,55000,"('Erlanger', 'KY')",39.0167275,-84.60077729999999,Kenton
1062,Erlanger,KY,ME,55000,"('Erlanger', 'KY')",39.0167275,-84.60077729999999,Kenton
1063,Houston,TX,ME,56659,"('Houston', 'TX')",29.7601927,-95.36938959999999,Harris
1064,Des Plaines,IL,CHE,66000,"('Des Plaines', 'IL')",42.0333623,-87.88339909999999,Cook
1065,Pittsburgh,PA,ME,57600,"('Pittsburgh', 'PA')",40.44062479999999,-79.9958864,Allegheny
1066,Houston,TX,ME,62000,"('Houston', 'TX')",29.7601927,-95.36938959999999,Harris
1067,Pittsburgh,PA,CE,52000,"('Pittsburgh', 'PA')",40.44062479999999,-79.9958864,Allegheny
1068,Michigan City,IN,ME,60000,"('Michigan City', 'IN')",41.70753939999999,-86.8950297,Laporte
1069,Wright Patterson Afb,OH,ME,43521,"('Wright Patterson Afb', 'OH')",39.81858829999999,-84.0484601,Greene
1070,Farmington Hills,MI,SE,50000,"('Farmington Hills', 'MI')",42.4989936,-83.3677168,Oakland
1071,Cincinnati,OH,CS,63800,"('Cincinnati', 'OH')",39.1031182,-84.5120196,Hamilton
1072,Chicago,IL,CS,65000,"('Chicago', 'IL')",41.8781136,-87.6297982,Cook
